Date,montoSpei,montoCodi,tc
30/09/2019,"591,819,872,132","187,009",19.6808
1/10/2019,"399,300,877,736","311,813",19.7345
2/10/2019,"347,345,747,950","360,606",19.7792
3/10/2019,"355,588,329,503","399,780",19.7985
4/10/2019,"375,419,478,809","398,796",19.7368
5/10/2019,"3,023,572,523","345,316",N/E
6/10/2019,"919,151,358","163,872",N/E
7/10/2019,"386,172,005,337","624,991",19.5255
8/10/2019,"320,907,997,801","527,727",19.5522
9/10/2019,"320,985,979,167","605,193",19.584
10/10/2019,"385,168,005,726","577,209",19.5689
11/10/2019,"397,588,748,875","464,555",19.4764
12/10/2019,"3,034,973,947","563,216",N/E
13/10/2019,"972,067,233","243,721",N/E
14/10/2019,"312,316,259,731","838,965",19.3217
15/10/2019,"397,247,596,619","1,069,213",19.2652
16/10/2019,"348,903,833,539","859,948",19.252
17/10/2019,"400,746,336,663","775,163",19.2135
18/10/2019,"383,230,376,744","743,314",19.1602
19/10/2019,"2,964,290,713","333,801",N/E
20/10/2019,"968,300,471","275,351",N/E
21/10/2019,"399,801,438,681","535,767",19.1492
22/10/2019,"310,478,325,702","967,330",19.1422
23/10/2019,"317,438,329,365","503,909",19.105
24/10/2019,"352,781,604,649","745,018",19.1258
25/10/2019,"378,225,617,243","722,181",19.0878
26/10/2019,"3,038,682,779","417,800",N/E
27/10/2019,"966,418,275","245,675",N/E
28/10/2019,"384,931,004,391","623,474",19.082
29/10/2019,"367,933,216,674","797,234",19.0543
30/10/2019,"414,735,485,597","1,465,232",19.1167
31/10/2019,"536,527,843,702","1,545,313",19.1643
1/11/2019,"387,304,180,613","1,478,850",19.1948
2/11/2019,"2,764,382,707","565,142",N/E
3/11/2019,"1,249,554,134","576,343",N/E
4/11/2019,"365,680,550,500","1,269,475",19.1058
5/11/2019,"323,215,846,220","1,110,812",19.1525
6/11/2019,"319,855,067,578","1,295,271",19.2125
7/11/2019,"387,888,182,173","1,246,404",19.1953
8/11/2019,"369,354,998,037","1,268,812",19.1327
9/11/2019,"3,355,383,116","805,039",N/E
10/11/2019,"1,129,986,494","538,674",N/E
11/11/2019,"322,586,212,312","1,348,930",19.1068
12/11/2019,"326,005,583,049","1,341,054",19.109
13/11/2019,"371,382,745,625","1,390,373",19.2178
14/11/2019,"438,240,703,549","2,324,687",19.4543
15/11/2019,"451,762,993,615","1,680,075",19.4228
16/11/2019,"4,638,281,370","1,429,651",N/E
17/11/2019,"1,477,999,022","898,453",N/E
18/11/2019,"2,836,488,465","1,096,798",N/E
19/11/2019,"539,994,389,812","2,068,354",19.2063
20/11/2019,"405,923,270,434","1,463,983",19.3687
21/11/2019,"421,907,816,962","1,137,560",19.48
22/11/2019,"412,298,222,053","1,192,750",19.4138
23/11/2019,"3,478,807,102","601,412",N/E
24/11/2019,"1,124,401,667","534,014",N/E
25/11/2019,"391,349,832,172","1,025,630",19.3987
26/11/2019,"355,604,159,265","997,632",19.4468
27/11/2019,"417,924,850,704","1,215,958",19.5185
28/11/2019,"409,633,848,638","1,648,807",19.5607
29/11/2019,"590,449,795,543","2,157,269",19.6113
30/11/2019,"7,181,202,780","1,538,524",N/E
1/12/2019,"1,968,683,732","844,112",N/E
2/12/2019,"494,702,393,643","1,892,060",19.5352
3/12/2019,"365,474,338,809","1,841,098",19.5717
4/12/2019,"367,341,532,567","1,827,202",19.5678
5/12/2019,"472,226,087,866","1,791,066",19.4707
6/12/2019,"443,605,870,299","1,705,883",19.3688
7/12/2019,"4,157,463,865","1,097,300",N/E
8/12/2019,"1,421,400,006","674,201",N/E
9/12/2019,"414,512,274,567","1,534,450",19.3247
10/12/2019,"405,844,242,897","1,415,801",19.2302
11/12/2019,"466,796,969,128","1,600,927",19.2362
12/12/2019,"12,226,647,635","1,309,697",N/E
13/12/2019,"588,845,921,715","2,122,841",19.1785
14/12/2019,"6,124,576,269","2,063,262",N/E
15/12/2019,"2,375,932,207","1,153,932",N/E
16/12/2019,"526,877,905,800","1,673,806",19.0455
17/12/2019,"443,266,578,650","1,479,430",18.9702
18/12/2019,"485,360,246,091","1,400,837",18.9165
19/12/2019,"473,348,382,345","1,479,425",18.9542
20/12/2019,"579,143,754,877","1,479,143",18.964
21/12/2019,"5,621,576,389","997,738",N/E
22/12/2019,"1,688,836,780","759,666",N/E
23/12/2019,"523,298,768,670","1,207,389",18.9133
24/12/2019,"322,758,926,566","1,003,458",18.9385
25/12/2019,"1,198,377,338","465,719",N/E
26/12/2019,"433,810,074,011","1,058,208",18.9643
27/12/2019,"477,574,205,924","1,156,069",18.9445
28/12/2019,"6,322,023,200","1,335,449",N/E
29/12/2019,"1,673,733,684","1,588,503",N/E
30/12/2019,"595,909,064,263","1,390,091",18.8452
31/12/2019,"534,519,442,806","1,130,198",18.8727
1/1/2020,"1,758,232,514","592,867",N/E
2/1/2020,"454,142,382,960","1,265,123",18.8642
3/1/2020,"345,896,558,358","1,247,464",18.8817
4/1/2020,"3,689,216,854","829,770",N/E
5/1/2020,"1,459,197,082","555,412",N/E
6/1/2020,"375,767,166,781","1,153,693",18.8673
7/1/2020,"335,469,626,601","1,023,824",18.827
8/1/2020,"380,166,589,749","1,026,674",18.8852
9/1/2020,"365,711,908,202","1,165,581",18.798
10/1/2020,"416,099,554,363","1,287,582",18.8453
11/1/2020,"3,718,844,481","757,062",N/E
12/1/2020,"1,164,489,256","567,656",N/E
13/01/2020,"429,702,606,820","1,218,980",18.7732
14/01/2020,"395,895,002,878","1,561,123",18.8215
15/01/2020,"379,215,918,197","2,035,810",18.812
16/01/2020,"389,133,695,005","1,395,791",18.8077
17/01/2020,"409,834,898,510","1,496,564",18.793
18/01/2020,"3,670,653,344","992,634",N/E
19/01/2020,"1,217,341,886","522,243",N/E
20/01/2020,"424,851,019,278","901,905",18.7388
21/01/2020,"316,376,830,457","1,113,628",18.6725
22/01/2020,"342,392,558,818","890,756",18.7007
23/01/2020,"379,768,545,640","1,122,344",18.6883
24/01/2020,"346,764,737,638","1,172,053",18.8018
25/01/2020,"3,456,446,670","681,032",N/E
26/01/2020,"1,157,002,509","603,883",N/E
27/01/2020,"386,900,276,645","1,113,884",18.8313
28/01/2020,"336,442,962,391","1,097,301",18.9407
29/01/2020,"383,998,181,056","1,293,211",18.8022
30/01/2020,"430,903,726,296","2,219,620",18.7067
31/01/2020,"537,645,649,946","2,237,360",18.7853
1/2/2020,"4,423,943,137","1,412,004",N/E
2/2/2020,"1,339,875,153","860,346",N/E
3/2/2020,"3,346,427,292","1,196,368",N/E
4/2/2020,"487,606,705,731","1,772,088",18.9082
5/2/2020,"375,074,302,999","1,307,611",18.6797
6/2/2020,"357,157,163,557","1,400,757",18.6245
7/2/2020,"416,977,163,127","1,744,486",18.6645
8/2/2020,"3,657,244,559","860,038",N/E
9/2/2020,"1,200,046,769","519,073",N/E
10/2/2020,"363,434,258,449","1,406,398",18.7763
11/2/2020,"332,288,187,216","1,174,722",18.7653
12/2/2020,"339,224,770,241","1,110,328",18.674
13/02/2020,"386,777,488,328","1,674,209",18.6308
14/02/2020,"428,312,227,934","2,763,147",18.6458
15/02/2020,"4,890,329,464","1,649,123",N/E
16/02/2020,"1,726,347,510","1,094,866",N/E
17/02/2020,"374,547,445,320","1,682,350",18.5712
18/02/2020,"349,846,561,754","1,512,326",18.5715
19/02/2020,"328,183,069,272","1,309,191",18.5952
20/02/2020,"399,626,839,082","1,218,852",18.591
21/02/2020,"355,476,538,906","1,351,720",18.7992
22/02/2020,"3,560,136,075","1,007,164",N/E
23/02/2020,"1,124,717,782","821,054",N/E
24/02/2020,"381,666,248,573","1,212,146",18.9138
25/02/2020,"351,267,440,561","1,241,856",19.1197
26/02/2020,"350,025,115,378","1,273,226",19.0878
27/02/2020,"443,278,824,866","1,795,596",19.1585
28/02/2020,"640,945,507,611","2,969,823",19.3973
29/02/2020,"6,415,138,959","1,716,613",N/E
1/3/2020,"2,053,120,079","1,206,983",N/E
2/3/2020,"454,582,971,246","2,221,781",19.776
3/3/2020,"343,782,353,270","1,724,631",19.6985
4/3/2020,"360,205,578,375","1,575,829",19.2837
5/3/2020,"409,141,692,112","1,469,677",19.5335
6/3/2020,"404,530,995,796","1,713,502",19.8095
7/3/2020,"3,951,473,872","1,119,135",N/E
8/3/2020,"1,224,151,808","784,508",N/E
9/3/2020,"354,018,863,760","1,457,954",20.1623
10/3/2020,"390,712,981,539","2,194,404",21.1117
11/3/2020,"407,685,731,182","1,704,615",21.0267
12/3/2020,"466,434,536,748","1,916,406",21.213
13/03/2020,"504,840,078,276","3,483,314",22.1518
14/03/2020,"5,324,507,723","1,828,959",N/E
15/03/2020,"1,774,465,568","1,165,115",N/E
16/03/2020,"3,767,943,179","1,504,092",N/E
17/03/2020,"582,713,514,007","2,416,410",21.9288
18/03/2020,"506,907,121,855","1,754,400",23.0573
19/03/2020,"483,821,324,489","2,058,707",23.9008
20/03/2020,"466,923,469,221","1,941,456",24.0868
21/03/2020,"4,359,629,510","1,443,693",N/E
22/03/2020,"1,227,625,326","815,496",N/E
23/03/2020,"472,514,696,551","3,260,495",24.1113
24/03/2020,"437,747,018,263","2,457,953",25.0782
25/03/2020,"449,604,772,870","1,611,928",25.1185
26/03/2020,"470,576,659,114","1,801,028",24.2948
27/03/2020,"520,957,430,788","2,457,637",23.097
28/03/2020,"4,772,736,770","1,550,930",N/E
29/03/2020,"1,448,620,070","1,466,797",N/E
30/03/2020,"579,097,548,717","4,484,051",23.5122
31/03/2020,"755,258,829,765","2,910,935",24.2853
1/4/2020,"447,960,259,918","2,733,184",23.4847
2/4/2020,"443,042,014,551","3,221,366",24.4918
3/4/2020,"441,259,228,682","2,463,997",24.1087
4/4/2020,"4,218,039,481","1,370,034",N/E
5/4/2020,"1,339,818,956","858,640",N/E
6/4/2020,"455,451,795,077","2,216,537",24.6938
7/4/2020,"416,553,662,340","1,881,939",24.6895
8/4/2020,"504,718,219,140","1,596,748",24.0388
9/4/2020,"6,436,960,612","1,360,117",N/E
10/4/2020,"3,293,711,878","1,068,745",N/E
11/4/2020,"1,917,588,367","813,160",N/E
12/4/2020,"1,034,162,458","715,764",N/E
13/04/2020,"542,035,641,374","1,966,165",24.0925
14/04/2020,"432,597,774,721","2,573,828",23.7427
15/04/2020,"408,259,598,253","2,832,046",23.5645
16/04/2020,"410,383,769,397","2,220,539",24.1155
17/04/2020,"402,761,892,774","2,256,003",24.2098
18/04/2020,"3,667,317,320","1,412,279",N/E
19/04/2020,"1,323,659,709","826,888",N/E
20/04/2020,"514,092,224,354","1,700,087",23.9012
21/04/2020,"366,217,744,961","1,661,610",24.0077
22/04/2020,"345,280,312,114","1,325,672",24.4248
23/04/2020,"421,267,638,478","1,684,775",24.5883
24/04/2020,"365,789,973,014","1,904,375",24.623
25/04/2020,"3,634,933,160","1,270,578",N/E
26/04/2020,"1,209,133,423","860,997",N/E
27/04/2020,"386,321,525,449","1,908,314",24.8583
28/04/2020,"369,050,984,769","2,125,716",24.8492
29/04/2020,"400,194,325,727","3,058,735",24.3882
30/04/2020,"563,093,433,203","3,382,423",24.0002
1/5/2020,"6,767,165,591","2,553,221",N/E
2/5/2020,"3,981,229,834","1,695,813",N/E
3/5/2020,"1,770,262,867","1,362,074",N/E
4/5/2020,"472,752,341,366","3,060,252",23.9283
5/5/2020,"307,327,658,591","2,531,199",24.3812
6/5/2020,"366,830,958,257","2,355,871",23.8343
7/5/2020,"365,636,275,483","2,539,839",24.2942
8/5/2020,"367,835,212,397","2,603,066",24.0563
9/5/2020,"4,032,220,242","1,762,497",N/E
10/5/2020,"1,448,695,597","1,264,129",N/E
11/5/2020,"390,423,215,312","3,272,170",23.6805
12/5/2020,"353,584,201,880","2,309,347",23.8693
13/05/2020,"371,513,465,187","2,774,786",24.0487
14/05/2020,"399,991,069,143","3,440,746",24.2113
15/05/2020,"438,964,484,819","4,200,067",24.2708
16/05/2020,"4,752,036,859","2,121,751",N/E
17/05/2020,"1,823,195,668","1,254,130",N/E
18/05/2020,"453,185,333,458","3,062,002",23.958
19/05/2020,"336,733,922,347","3,138,114",23.6032
20/05/2020,"359,150,765,907","2,385,251",23.6023
21/05/2020,"360,711,427,968","2,723,809",23.2962
22/05/2020,"383,875,534,137","2,964,327",22.96
23/05/2020,"3,927,613,387","1,671,221",N/E
24/05/2020,"1,504,046,324","1,359,888",N/E
25/05/2020,"324,330,999,397","3,556,758",22.7928
26/05/2020,"371,875,312,045","2,839,171",22.563
27/05/2020,"371,490,711,425","2,277,403",22.2932
28/05/2020,"434,145,272,698","3,573,845",22.3633
29/05/2020,"509,222,062,517","4,705,090",22.204
30/05/2020,"7,177,383,791","2,529,683",N/E
31/05/2020,"2,705,154,617","1,955,119",N/E
1/6/2020,"416,541,199,329","4,880,809",22.1778
2/6/2020,"311,159,446,339","3,461,701",22.0168
3/6/2020,"312,023,672,397","2,769,946",21.6827
4/6/2020,"395,286,023,394","2,638,933",21.6043
5/6/2020,"345,940,509,916","3,732,987",21.8388
6/6/2020,"4,169,729,531","2,206,512",N/E
7/6/2020,"1,608,818,740","1,094,769",N/E
8/6/2020,"385,621,054,996","4,074,496",21.5837
9/6/2020,"307,272,886,804","2,861,871",21.6552
10/6/2020,"304,589,776,571","2,381,257",21.7252
11/6/2020,"381,415,761,044","2,814,738",21.923
12/6/2020,"415,406,634,281","3,996,689",22.4252
13/06/2020,"5,078,591,506","2,467,128",N/E
14/06/2020,"2,026,921,370","1,817,344",N/E
15/06/2020,"446,141,357,145","5,043,021",22.3347
16/06/2020,"357,983,342,673","4,138,639",22.5435
17/06/2020,"432,490,756,086","2,610,072",22.2168
18/06/2020,"386,087,541,732","2,720,873",22.2783
19/06/2020,"382,319,417,216","2,926,753",22.6088
20/06/2020,"4,436,405,969","1,807,256",N/E
21/06/2020,"1,472,648,947","1,137,407",N/E
22/06/2020,"412,911,782,529","2,391,635",22.63
23/06/2020,"320,604,093,889","2,023,559",22.4413
24/06/2020,"337,194,829,133","3,125,140",22.413
25/06/2020,"399,152,528,590","2,989,532",22.6662
26/06/2020,"442,502,917,265","3,566,190",22.7963
27/06/2020,"5,236,792,631","2,170,246",N/E
28/06/2020,"1,897,714,920","1,475,830",N/E
29/06/2020,"459,659,068,046","4,792,040",22.9715
30/06/2020,"525,367,227,459","5,195,922",23.1325
1/7/2020,"431,823,150,855","3,983,504",23.0893
2/7/2020,"367,574,243,137","4,312,552",22.8078
3/7/2020,"405,426,055,411","3,653,179",22.5225
4/7/2020,"4,796,623,198","2,489,593",N/E
5/7/2020,"1,975,239,207","1,421,992",N/E
6/7/2020,"419,561,495,146","3,073,179",22.4147
7/7/2020,"351,834,471,984","2,494,236",22.2808
8/7/2020,"328,434,367,742","2,459,194",22.6213
9/7/2020,"338,195,643,234","2,555,395",22.8225
10/7/2020,"353,224,962,672","3,221,210",22.6945
11/7/2020,"4,781,857,830","2,152,607",N/E
12/7/2020,"1,707,380,538","1,244,235",N/E
13/07/2020,"368,678,012,853","5,109,265",22.5342
14/07/2020,"372,774,337,283","4,407,582",22.4633
15/07/2020,"360,135,195,302","5,449,464",22.6173
16/07/2020,"351,350,641,337","3,842,325",22.3647
17/07/2020,"409,082,757,613","3,404,237",22.3032
18/07/2020,"4,788,505,463","2,091,379",N/E
19/07/2020,"1,898,339,162","1,608,020",N/E
20/07/2020,"483,845,400,859","3,658,276",22.4897
21/07/2020,"331,502,475,000","3,537,258",22.6278
22/07/2020,"333,686,225,821","4,186,312",22.3597
23/07/2020,"343,883,589,923","4,902,702",22.251
24/07/2020,"355,536,738,551","4,733,920",22.3627
25/07/2020,"4,651,318,764","2,131,738",N/E
26/07/2020,"1,692,417,903","2,623,487",N/E
27/07/2020,"387,510,623,216","6,374,236",22.3842
28/07/2020,"327,084,653,412","5,034,954",22.0275
29/07/2020,"407,474,931,766","3,533,478",21.9615
30/07/2020,"442,864,446,669","6,200,216",21.9907
31/07/2020,"536,046,092,474","5,077,990",22.1727
1/8/2020,"6,091,988,226","3,688,167",N/E
2/8/2020,"2,491,848,129","2,183,610",N/E
3/8/2020,"413,707,114,552","4,642,736",22.2012
4/8/2020,"335,729,604,240","3,802,592",22.614
5/8/2020,"367,482,948,955","3,501,319",22.7845
6/8/2020,"364,223,368,472","3,269,126",22.4068
7/8/2020,"372,651,870,203","3,627,391",22.3652
8/8/2020,"4,830,473,603","2,660,550",N/E
9/8/2020,"1,901,285,997","1,576,546",N/E
10/8/2020,"383,151,749,156","4,857,364",22.4892
11/8/2020,"320,821,847,710","3,080,786",22.485
12/8/2020,"332,749,632,963","3,209,625",22.349
13/08/2020,"405,496,753,119","3,456,194",22.3457
14/08/2020,"465,943,477,669","5,332,767",22.2628
15/08/2020,"6,841,766,665","3,629,615",N/E
16/08/2020,"2,653,974,691","2,129,299",N/E
17/08/2020,"490,899,789,187","3,958,896",22.0313
18/08/2020,"359,073,970,460","4,054,902",22.057
19/08/2020,"347,917,249,251","3,084,422",22.1535
20/08/2020,"431,018,898,921","3,545,146",22.0527
21/08/2020,"379,558,791,753","3,677,324",22.176
22/08/2020,"5,062,268,131","2,569,578",N/E
23/08/2020,"1,882,326,067","1,709,707",N/E
24/08/2020,"393,168,268,635","3,305,388",22.0362
25/08/2020,"349,712,228,562","3,627,561",21.984
26/08/2020,"409,077,473,408","3,477,587",21.9723
27/08/2020,"422,716,977,279","3,279,350",21.9202
28/08/2020,"479,969,044,785","5,055,230",22.1168
29/08/2020,"7,285,335,792","3,612,613",N/E
30/08/2020,"2,806,699,045","2,085,969",N/E
31/08/2020,"589,414,432,736","6,907,469",21.8602
1/9/2020,"396,138,501,427","4,436,549",21.888
2/9/2020,"357,665,065,048","3,655,641",21.7445
3/9/2020,"369,233,647,097","3,856,192",21.8393
4/9/2020,"391,646,567,319","4,149,602",21.6383
5/9/2020,"5,482,702,497","2,235,733",N/E
6/9/2020,"2,140,319,933","1,561,390",N/E
7/9/2020,"336,752,694,740","3,879,927",21.6115
8/9/2020,"348,196,220,757","3,830,200",21.5887
9/9/2020,"337,455,907,121","3,035,601",21.7138
10/9/2020,"418,990,802,114","3,422,331",21.5377
11/9/2020,"457,128,942,733","5,152,222",21.2773
12/9/2020,"5,615,761,231","2,726,181",N/E
13/09/2020,"2,253,666,941","1,652,739",N/E
14/09/2020,"496,800,217,643","4,408,298",21.321
15/09/2020,"432,512,036,166","4,669,609",21.0728
16/09/2020,"4,703,188,444","2,189,515",N/E
17/09/2020,"590,171,462,193","3,596,385",21.0692
18/09/2020,"413,331,820,972","3,276,516",20.985
19/09/2020,"5,340,902,726","2,460,455",N/E
20/09/2020,"2,137,728,876","1,638,331",N/E
21/09/2020,"443,477,846,275","3,231,381",20.9697
22/09/2020,"387,765,433,211","2,897,298",21.505
23/09/2020,"382,292,821,120","2,910,703",21.5682
24/09/2020,"389,445,126,068","3,091,095",22.0897
25/09/2020,"443,210,736,690","3,434,071",22.3678
26/09/2020,"5,668,126,293","2,115,564",N/E
27/09/2020,"2,102,761,095","1,533,787",N/E
28/09/2020,"496,318,548,929","4,606,929",22.4402
29/09/2020,"440,468,957,978","4,129,672",22.4573
30/09/2020,"591,399,081,367","4,949,279",22.3598
1/10/2020,"444,646,412,800","4,586,266",22.1438
2/10/2020,"387,655,705,587","4,159,039",21.9562
3/10/2020,"5,799,564,336","2,529,858",N/E
4/10/2020,"2,471,362,390","1,956,393",N/E
5/10/2020,"432,310,436,726","3,530,218",21.7025
6/10/2020,"396,805,001,370","2,775,980",21.396
7/10/2020,"367,764,443,946","2,693,077",21.4507
8/10/2020,"385,952,123,780","2,824,563",21.493
9/10/2020,"400,056,367,394","3,495,803",21.4318
10/10/2020,"5,685,969,086","1,806,473",N/E
11/10/2020,"2,052,129,531","1,424,620",N/E
12/10/2020,"359,264,232,833","4,667,328",21.1822
13/10/2020,"415,858,675,888","3,552,332",21.2183
14/10/2020,"433,101,051,444","4,112,281",21.3677
15/10/2020,"463,708,056,184","4,958,017",21.2998
16/10/2020,"420,964,798,735","3,989,898",21.3832
17/10/2020,"5,934,236,699","2,508,304",N/E
18/10/2020,"2,406,076,018","1,685,879",N/E
19/10/2020,"490,221,570,581","3,658,627",21.1765
20/10/2020,"422,223,352,976","3,019,685",21.1342
21/10/2020,"396,480,745,319","3,353,331",21.0902
22/10/2020,"414,369,663,991","3,089,493",21.064
23/10/2020,"445,875,068,451","3,670,661",21.03
24/10/2020,"5,429,651,185","2,368,208",N/E
25/10/2020,"2,235,928,243","1,385,813",N/E
26/10/2020,"452,381,119,329","5,266,312",20.9205
27/10/2020,"393,370,204,602","3,453,134",20.9818
28/10/2020,"418,463,591,684","3,713,678",20.8798
29/10/2020,"487,932,643,290","4,475,273",21.1648
30/10/2020,"586,381,383,549","5,690,045",21.377
31/10/2020,"9,878,403,141","3,878,818",N/E
1/11/2020,"3,256,564,574","2,336,988",N/E
2/11/2020,"10,049,793,234","3,302,141",N/E
3/11/2020,"540,405,818,272","4,381,538",21.2508
4/11/2020,"400,767,087,126","4,025,085",21.1555
5/11/2020,"437,062,691,887","4,344,946",21.0345
6/11/2020,"421,379,177,757","4,163,455",20.7612
7/11/2020,"6,104,165,064","2,641,802",N/E
8/11/2020,"2,406,442,031","1,923,346",N/E
9/11/2020,"431,308,397,559","5,759,300",20.62
10/11/2020,"379,070,641,979","4,072,762",20.36
11/11/2020,"341,459,888,670","4,208,247",20.4018
12/11/2020,"468,200,425,216","4,706,823",20.5772
13/11/2020,"476,987,344,855","6,108,468",20.5303
14/11/2020,"9,475,500,177","4,618,052",N/E
15/11/2020,"3,698,109,165","3,025,703",N/E
16/11/2020,"6,719,675,020","3,606,324",N/E
17/11/2020,"607,240,189,544","4,854,688",20.4833
18/11/2020,"441,311,088,233","4,783,142",20.3212
19/11/2020,"410,417,646,507","5,097,400",20.2388
20/11/2020,"441,913,057,200","5,236,354",20.1858
21/11/2020,"6,449,842,331","3,105,616",N/E
22/11/2020,"2,500,939,457","2,223,476",N/E
23/11/2020,"450,082,689,466","4,960,395",20.1172
24/11/2020,"394,691,468,899","4,049,395",20.1012
25/11/2020,"568,878,393,172","3,917,344",20.0577
26/11/2020,"418,145,515,774","3,994,722",20.0465
27/11/2020,"532,459,069,336","6,052,780",20.0467
28/11/2020,"9,014,129,819","4,241,005",N/E
29/11/2020,"3,463,462,754","3,076,649",N/E
30/11/2020,"652,458,873,726","8,147,872",20.0777
1/12/2020,"444,957,039,532","6,722,647",20.1398
2/12/2020,"387,326,890,261","5,914,323",20.0508
3/12/2020,"430,231,548,148","5,670,920",20.0497
4/12/2020,"447,340,945,605","5,280,563",19.9083
5/12/2020,"8,022,497,473","4,381,990",N/E
6/12/2020,"3,038,161,576","2,837,956",N/E
7/12/2020,"503,747,578,821","4,786,650",19.7838
8/12/2020,"442,278,849,629","4,861,017",19.8213
9/12/2020,"395,545,287,080","4,942,780",19.7537
10/12/2020,"492,822,238,840","5,355,329",19.8368
11/12/2020,"513,977,196,951","6,573,805",19.9572
12/12/2020,"8,365,173,607","4,837,947",N/E
13/12/2020,"3,596,815,613","3,444,379",N/E
14/12/2020,"581,335,791,143","8,815,274",20.1075
15/12/2020,"488,096,842,221","8,393,213",20.1778
16/12/2020,"497,040,132,036","6,040,237",20.1113
17/12/2020,"574,087,025,935","5,930,495",19.9513
18/12/2020,"510,518,387,048","6,629,352",19.8173
19/12/2020,"10,046,606,740","4,485,328",N/E
20/12/2020,"3,845,462,458","2,914,825",N/E
21/12/2020,"534,458,430,355","5,683,705",19.9487
22/12/2020,"476,866,113,751","5,261,392",20.0905
23/12/2020,"488,379,547,520","5,718,386",20.0562
24/12/2020,"362,784,347,666","6,555,346",20.1175
25/12/2020,"2,642,102,289","1,653,779",N/E
26/12/2020,"5,840,455,766","2,691,000",N/E
27/12/2020,"3,020,433,296","1,928,274",N/E
28/12/2020,"519,238,591,792","4,553,215",19.8517
29/12/2020,"465,945,892,095","5,495,468",20.0477
30/12/2020,"542,159,078,829","5,933,589",19.9487
31/12/2020,"581,721,437,518","5,006,150",19.9352
1/1/2021,"3,978,999,781","2,366,434",N/E
2/1/2021,"6,225,255,151","3,922,240",N/E
3/1/2021,"3,602,370,852","2,757,216",N/E
4/1/2021,"490,926,770,879","5,746,533",19.9087
5/1/2021,"386,605,248,528","4,860,310",19.8457
6/1/2021,"361,559,814,582","3,966,727",19.9437
7/1/2021,"408,256,667,069","3,751,131",19.725
8/1/2021,"400,602,672,596","4,884,955",19.91
9/1/2021,"6,586,525,415","2,907,629",N/E
10/1/2021,"3,037,974,480","3,318,271",N/E
11/1/2021,"422,703,047,290","5,809,859",19.9705
12/1/2021,"387,033,606,720","4,031,486",20.113
13/01/2021,"411,285,994,863","4,469,359",19.9373
14/01/2021,"443,938,345,633","5,099,070",19.7935
15/01/2021,"468,521,308,500","7,135,511",19.7793
16/01/2021,"8,157,907,484","3,490,507",N/E
17/01/2021,"3,499,825,778","2,291,774",N/E
18/01/2021,"471,753,510,619","4,433,155",19.7875
19/01/2021,"369,232,676,202","4,038,564",19.757
20/01/2021,"394,337,199,483","3,547,819",19.6788
21/01/2021,"392,030,293,519","3,472,712",19.5793
22/01/2021,"425,287,385,885","6,025,592",19.7393
23/01/2021,"6,520,567,139","2,694,309",N/E
24/01/2021,"2,722,344,776","1,862,992",N/E
25/01/2021,"428,764,786,040","3,609,676",19.9833
26/01/2021,"350,814,066,628","3,968,162",20.1598
27/01/2021,"414,799,130,577","3,756,769",20.0152
28/01/2021,"542,922,581,978","4,917,525",20.2168
29/01/2021,"622,155,335,107","8,072,763",20.2697
30/01/2021,"11,534,554,403","4,138,063",N/E
31/01/2021,"4,441,054,123","2,995,131",N/E
1/2/2021,"8,201,610,312","3,602,365",N/E
2/2/2021,"562,625,187,972","5,437,755",20.2248
3/2/2021,"402,416,730,932","5,007,994",20.1722
4/2/2021,"414,519,216,171","4,603,209",20.1953
5/2/2021,"394,310,969,325","4,571,653",20.4435
6/2/2021,"7,188,586,705","3,175,692",N/E
7/2/2021,"2,966,425,982","1,989,722",N/E
8/2/2021,"414,233,543,921","6,079,863",20.1388
9/2/2021,"371,369,852,674","4,711,132",20.1227
10/2/2021,"357,077,675,875","5,529,989",20.0913
11/2/2021,"419,189,178,971","4,833,589",20.0588
12/2/2021,"480,385,086,878","6,235,987",19.9535
13/02/2021,"8,249,305,908","4,468,852",N/E
14/02/2021,"3,407,005,326","2,310,264",N/E
15/02/2021,"470,923,918,721","6,778,062",19.9622
16/02/2021,"377,155,425,635","4,999,659",19.9518
17/02/2021,"416,570,703,670","5,082,058",20.2023
18/02/2021,"408,934,524,714","4,330,618",20.2257
19/02/2021,"395,683,783,088","4,164,042",20.4165
20/02/2021,"7,208,098,104","3,130,090",N/E
21/02/2021,"2,965,826,154","2,520,894",N/E
22/02/2021,"415,849,534,372","4,580,364",20.4222
23/02/2021,"382,937,785,076","4,493,661",20.6783
24/02/2021,"391,538,095,192","4,899,077",20.5833
25/02/2021,"536,851,630,244","5,651,613",20.4752
26/02/2021,"644,209,576,205","8,722,379",20.8523
27/02/2021,"12,832,810,143","5,243,910",N/E
28/02/2021,"5,195,143,006","3,767,849",N/E
1/3/2021,"519,510,479,149","6,931,389",20.939
2/3/2021,"378,526,985,443","5,257,772",20.6123
3/3/2021,"381,837,091,530","5,128,647",20.6903
4/3/2021,"417,582,654,241","5,553,894",20.8957
5/3/2021,"478,769,101,506","5,396,956",20.8498
6/3/2021,"7,497,604,784","3,542,502",N/E
7/3/2021,"3,088,113,401","2,043,452",N/E
8/3/2021,"457,532,029,718","5,914,387",21.2635
9/3/2021,"411,468,459,502","4,623,300",21.4177
10/3/2021,"433,364,219,263","5,458,025",21.2575
11/3/2021,"458,229,778,413","5,246,481",20.9853
12/3/2021,"514,804,541,597","6,674,663",20.7133
13/03/2021,"9,587,303,950","4,740,105",N/E
14/03/2021,"3,802,897,821","2,231,084",N/E
15/03/2021,"8,528,163,336","3,462,289",N/E
16/03/2021,"604,218,689,176","7,907,343",20.7637
17/03/2021,"554,482,284,104","5,255,278",20.5753
18/03/2021,"452,824,656,989","4,735,779",20.6828
19/03/2021,"439,944,773,137","4,869,857",20.4415
20/03/2021,"7,844,696,386","3,680,940",N/E
21/03/2021,"3,095,242,770","2,339,586",N/E
22/03/2021,"524,891,126,346","4,604,987",20.4823
23/03/2021,"428,601,366,662","4,029,312",20.5788
24/03/2021,"433,281,449,466","4,624,191",20.6408
25/03/2021,"468,809,396,977","5,577,966",20.7882
26/03/2021,"469,031,728,081","9,206,863",20.7662
27/03/2021,"8,747,051,005","3,982,452",N/E
28/03/2021,"3,366,158,062","2,104,387",N/E
29/03/2021,"549,618,777,486","6,976,543",20.5677
30/03/2021,"446,282,384,493","7,162,584",20.6047
31/03/2021,"766,457,305,854","8,329,743",20.6025
1/4/2021,"11,514,210,503","5,806,456",N/E
2/4/2021,"5,553,949,001","3,098,570",N/E
3/4/2021,"4,614,917,003","2,916,029",N/E
4/4/2021,"3,129,849,960","2,146,036",N/E
5/4/2021,"595,726,075,994","7,007,451",20.44
6/4/2021,"431,107,527,154","6,437,761",20.2483
7/4/2021,"409,664,978,629","6,347,890",20.1612
8/4/2021,"429,157,801,473","5,989,056",20.1765
9/4/2021,"448,380,109,369","5,689,231",20.089
10/4/2021,"7,822,431,724","3,039,877",N/E
11/4/2021,"3,200,996,050","1,858,299",N/E
12/4/2021,"443,426,969,144","6,263,698",20.163
13/04/2021,"430,735,832,530","4,428,533",20.095
14/04/2021,"430,620,740,408","5,491,771",20.0735
15/04/2021,"475,442,411,587","6,988,978",20.0583
16/04/2021,"451,602,335,660","5,511,118",19.927
17/04/2021,"8,833,759,329","3,048,040",N/E
18/04/2021,"3,680,646,792","2,001,012",N/E
19/04/2021,"514,446,184,575","4,387,978",19.9158
20/04/2021,"409,599,417,917","4,234,450",19.8145
21/04/2021,"409,021,861,132","4,061,919",19.8877
22/04/2021,"436,509,856,071","4,272,056",19.874
23/04/2021,"426,174,033,125","4,212,934",19.8865
24/04/2021,"8,610,138,915","2,832,593",N/E
25/04/2021,"3,189,191,200","1,842,328",N/E
26/04/2021,"462,429,687,560","5,762,517",19.8695
27/04/2021,"446,803,127,996","4,699,484",19.8362
28/04/2021,"460,135,912,537","5,391,503",19.9785
29/04/2021,"510,259,468,180","6,490,569",19.9712
30/04/2021,"655,662,798,835","14,175,933",20.0978
1/5/2021,"8,920,524,420","4,284,777",N/E
2/5/2021,"4,536,513,193","4,043,256",N/E
3/5/2021,"496,953,073,518","8,637,745",20.1822
4/5/2021,"414,208,073,887","7,060,462",20.1902
5/5/2021,"372,856,201,672","5,609,241",20.2235
6/5/2021,"426,795,884,348","5,547,174",20.2077
7/5/2021,"457,217,757,005","5,692,993",20.1838
8/5/2021,"8,271,269,944","3,307,836",N/E
9/5/2021,"3,578,440,788","3,505,751",N/E
10/5/2021,"409,076,520,771","6,604,252",19.9223
11/5/2021,"454,951,528,591","4,626,886",19.886
12/5/2021,"423,187,914,423","4,735,571",19.8848
13/05/2021,"476,152,172,607","5,615,454",20.094
14/05/2021,"538,092,279,968","8,004,281",20.0495
15/05/2021,"10,872,652,009","4,562,418",N/E
16/05/2021,"4,684,912,016","2,827,249",N/E
17/05/2021,"578,431,879,261","7,033,012",19.8487
18/05/2021,"438,864,229,406","4,625,631",19.8028
19/05/2021,"368,335,728,821","4,519,060",19.8313
20/05/2021,"452,415,393,102","5,292,759",19.8143
21/05/2021,"437,276,812,978","4,624,371",19.881
22/05/2021,"8,044,216,856","3,121,147",N/E
23/05/2021,"3,473,861,859","2,667,232",N/E
24/05/2021,"429,513,221,964","5,207,574",19.951
25/05/2021,"422,114,865,064","4,713,169",19.872
26/05/2021,"439,459,701,262","4,793,620",19.8903
27/05/2021,"507,224,402,793","4,784,118",19.8783
28/05/2021,"550,985,623,601","10,454,467",19.9487
29/05/2021,"10,965,229,839","3,945,274",N/E
30/05/2021,"4,525,684,979","2,465,066",N/E
31/05/2021,"580,650,059,186","7,779,695",19.9442
1/6/2021,"460,767,750,226","6,194,494",19.9213
2/6/2021,"402,417,237,044","4,931,914",19.8927
3/6/2021,"455,012,135,007","5,152,084",19.9277
4/6/2021,"475,328,715,080","5,143,496",20.0605
5/6/2021,"8,837,397,264","3,245,572",N/E
6/6/2021,"3,311,027,856","1,804,675",N/E
7/6/2021,"467,906,091,434","6,241,234",19.9328
8/6/2021,"459,892,997,354","4,798,523",19.797
9/6/2021,"422,074,939,469","4,232,601",19.7728
10/6/2021,"486,155,004,959","5,044,375",19.6897
11/6/2021,"481,821,133,750","4,792,059",19.7002
12/6/2021,"8,495,537,023","3,043,816",N/E
13/06/2021,"3,653,721,855","1,992,404",N/E
14/06/2021,"516,736,154,178","5,282,936",19.8823
15/06/2021,"493,416,409,628","6,346,522",19.9065
16/06/2021,"457,901,024,477","4,371,912",20.1235
17/06/2021,"529,290,450,659","4,495,425",20.0588
18/06/2021,"460,148,224,108","4,377,756",20.4292
19/06/2021,"8,378,232,958","2,944,604",N/E
20/06/2021,"3,411,778,970","1,889,408",N/E
21/06/2021,"500,180,957,864","4,613,896",20.7002
22/06/2021,"412,441,375,336","4,077,590",20.6
23/06/2021,"413,354,564,833","3,458,093",20.5712
24/06/2021,"454,458,775,706","4,155,378",20.2505
25/06/2021,"506,715,905,659","4,393,420",20.0483
26/06/2021,"8,793,658,074","2,911,939",N/E
27/06/2021,"3,418,628,478","1,743,587",N/E
28/06/2021,"546,620,903,710","8,260,684",19.793
29/06/2021,"522,422,727,261","5,532,576",19.8027
30/06/2021,"651,368,304,254","6,339,648",19.8157
1/7/2021,"485,991,842,661","6,279,002",19.9062
2/7/2021,"453,318,821,644","5,330,306",20.0368
3/7/2021,"8,912,604,171","3,421,744",N/E
4/7/2021,"4,048,456,115","2,247,840",N/E
5/7/2021,"423,909,532,438","4,875,845",19.8817
6/7/2021,"424,771,315,162","4,091,514",19.8532
7/7/2021,"413,583,169,016","4,103,276",19.9658
8/7/2021,"411,354,786,590","4,051,749",19.9915
9/7/2021,"445,191,379,404","6,466,980",20.007
10/7/2021,"8,610,632,298","3,011,139",N/E
11/7/2021,"3,617,958,730","1,903,938",N/E
12/7/2021,"488,563,726,620","5,298,007",19.88
13/07/2021,"439,911,170,794","4,959,732",19.8577
14/07/2021,"459,399,589,464","6,153,426",19.9988
15/07/2021,"483,720,677,750","7,197,891",19.8992
16/07/2021,"490,747,161,112","5,876,664",19.9412
17/07/2021,"9,426,062,445","3,338,866",N/E
18/07/2021,"4,102,838,015","2,215,188",N/E
19/07/2021,"555,648,478,714","4,882,564",19.8537
20/07/2021,"425,482,837,356","4,158,035",20
21/07/2021,"401,553,868,146","3,903,711",20.1348
22/07/2021,"413,160,834,636","4,125,044",20.1907
23/07/2021,"426,660,353,411","4,109,081",20.1812
24/07/2021,"8,490,636,357","2,772,375",N/E
25/07/2021,"3,543,221,008","1,846,246",N/E
26/07/2021,"488,796,457,093","4,026,790",20.0238
27/07/2021,"423,555,328,417","3,778,068",20.0245
28/07/2021,"453,828,537,493","4,071,853",19.977
29/07/2021,"558,192,949,070","5,739,577",19.9535
30/07/2021,"646,300,799,885","11,723,217",19.8448
31/07/2021,"13,538,665,137","4,452,252",N/E
1/8/2021,"5,456,197,688","2,819,191",N/E
2/8/2021,"514,199,828,579","6,265,024",19.8455
3/8/2021,"419,103,352,542","4,649,180",19.852
4/8/2021,"408,516,431,916","4,434,042",19.892
5/8/2021,"424,109,241,467","4,461,901",19.9547
6/8/2021,"405,679,880,752","6,278,147",19.9293
7/8/2021,"8,320,952,512","2,859,562",N/E
8/8/2021,"3,964,773,394","1,881,888",N/E
9/8/2021,"456,649,916,539","4,625,681",20.0037
10/8/2021,"404,760,191,138","4,085,073",20.0648
11/8/2021,"401,609,167,493","4,006,469",20.1038
12/8/2021,"452,804,587,311","4,972,095",19.953
13/08/2021,"503,396,826,872","8,065,223",19.8907
14/08/2021,"10,992,066,476","4,354,168",N/E
15/08/2021,"5,483,468,042","2,889,311",N/E
16/08/2021,"482,979,811,924","5,656,129",19.8603
17/08/2021,"471,017,768,376","4,504,626",19.8863
18/08/2021,"401,135,422,004","4,081,678",19.9912
19/08/2021,"402,196,610,943","4,035,184",20.0107
20/08/2021,"451,736,471,102","4,733,509",20.1175
21/08/2021,"8,739,703,746","2,657,595",N/E
22/08/2021,"3,841,343,302","1,517,026",N/E
23/08/2021,"456,389,161,099","4,401,400",20.402
24/08/2021,"414,097,924,732","4,093,402",20.3907
25/08/2021,"436,568,825,655","4,151,459",20.2967
26/08/2021,"476,129,148,573","4,061,817",20.2933
27/08/2021,"496,881,284,200","8,474,358",20.3522
28/08/2021,"10,585,429,521","3,675,888",N/E
29/08/2021,"4,504,297,696","2,321,704",N/E
30/08/2021,"519,631,502,735","5,742,771",20.2293
31/08/2021,"607,283,539,443","6,814,656",20.1403
1/9/2021,"440,936,855,971","5,811,087",20.0605
2/9/2021,"403,912,322,892","5,498,240",19.9615
3/9/2021,"434,955,972,511","6,947,086",19.9703
4/9/2021,"9,414,021,237","3,479,768",N/E
5/9/2021,"4,447,489,891","2,410,524",N/E
6/9/2021,"406,381,872,283","5,232,254",19.8992
7/9/2021,"409,983,181,347","3,799,131",19.8878
8/9/2021,"388,402,610,802","3,964,099",19.944
9/9/2021,"414,282,544,682","4,310,552",19.9383
10/9/2021,"447,598,451,871","5,673,276",19.9318
11/9/2021,"9,209,230,971","3,092,814",N/E
12/9/2021,"2,559,235,843","1,296,166",N/E
13/09/2021,"503,252,092,203","5,175,174",19.8717
14/09/2021,"455,878,898,830","6,299,224",19.8677
15/09/2021,"516,847,672,208","7,027,849",19.9035
16/09/2021,"8,210,446,258","3,320,037",N/E
17/09/2021,"528,471,384,340","4,749,572",19.9003
18/09/2021,"9,470,702,238","3,353,242",N/E
19/09/2021,"4,200,240,028","2,193,125",N/E
20/09/2021,"567,149,763,081","4,831,052",19.9853
21/09/2021,"401,781,347,296","4,106,653",20.1735
22/09/2021,"430,182,887,142","3,733,428",20.1438
23/09/2021,"402,842,744,690","4,704,675",20.0328
24/09/2021,"487,924,776,271","7,519,258",20.028
25/09/2021,"9,320,926,826","2,695,678",N/E
26/09/2021,"3,904,230,412","1,712,741",N/E
27/09/2021,"498,358,692,034","4,176,490",20.1118
28/09/2021,"485,159,570,822","4,497,337",20.1052
29/09/2021,"518,007,217,901","5,896,763",20.306
30/09/2021,"667,592,101,785","7,258,929",20.4977
1/10/2021,"559,510,631,700","7,019,333",20.5623
2/10/2021,"10,740,604,053","3,582,030",N/E
3/10/2021,"5,055,292,758","2,747,897",N/E
4/10/2021,"505,088,873,218","4,883,997",20.5103
5/10/2021,"421,971,441,138","4,691,405",20.5747
6/10/2021,"422,960,462,019","3,941,064",20.5818
7/10/2021,"431,535,689,455","4,513,357",20.6947
8/10/2021,"474,434,565,305","6,974,241",20.604
9/10/2021,"9,380,618,551","3,233,363",N/E
10/10/2021,"4,307,792,387","2,016,149",N/E
11/10/2021,"425,002,637,191","4,479,700",20.7293
12/10/2021,"431,635,568,525","4,092,892",20.8017
13/10/2021,"450,775,333,472","4,831,213",20.7767
14/10/2021,"488,326,068,683","6,225,723",20.6827
15/10/2021,"556,354,050,151","8,481,653",20.6075
16/10/2021,"11,389,061,909","4,297,878",N/E
17/10/2021,"5,106,251,986","2,537,782",N/E
18/10/2021,"522,999,404,086","6,038,371",20.4672
19/10/2021,"405,230,131,051","4,625,143",20.3587
20/10/2021,"445,224,133,866","4,217,348",20.2647
21/10/2021,"441,462,888,951","3,851,259",20.185
22/10/2021,"458,096,601,965","5,007,386",20.2643
23/10/2021,"9,711,361,879","2,982,128",N/E
24/10/2021,"4,173,809,163","2,171,055",N/E
25/10/2021,"484,826,758,577","4,711,672",20.1837
26/10/2021,"415,486,235,880","4,341,461",20.1897
27/10/2021,"448,642,583,179","4,276,383",20.1888
28/10/2021,"502,884,095,633","5,349,453",20.193
29/10/2021,"678,785,064,575","12,361,710",20.3255
30/10/2021,"16,425,251,475","4,608,326",N/E
31/10/2021,"6,760,876,515","3,023,856",N/E
1/11/2021,"524,336,578,921","6,815,483",20.5297
2/11/2021,"13,725,051,684","3,762,735",N/E
3/11/2021,"522,008,489,370","5,415,094",20.8598
4/11/2021,"451,526,299,474","5,200,618",20.8352
5/11/2021,"486,865,439,956","7,309,025",20.6242
6/11/2021,"10,406,040,296","3,524,858",N/E
7/11/2021,"4,561,538,902","2,060,287",N/E
8/11/2021,"495,873,301,855","5,110,804",20.3925
9/11/2021,"436,285,299,898","5,515,773",20.3265
10/11/2021,"456,642,735,473","5,456,978",20.2833
11/11/2021,"447,369,745,557","5,529,193",20.4702
12/11/2021,"525,544,698,068","9,325,842",20.4652
13/11/2021,"15,948,597,318","5,751,754",N/E
14/11/2021,"6,017,808,719","3,255,264",N/E
15/11/2021,"12,220,309,277","4,439,317",N/E
16/11/2021,"658,870,792,047","6,892,295",20.5072
17/11/2021,"539,341,012,498","4,693,359",20.8092
18/11/2021,"513,571,320,838","4,758,354",20.6912
19/11/2021,"494,600,279,855","5,483,970",20.7628
20/11/2021,"10,809,035,791","3,486,987",N/E
21/11/2021,"4,750,950,607","2,245,029",N/E
22/11/2021,"577,286,880,468","5,056,191",20.8283
23/11/2021,"443,067,103,218","4,315,762",20.9632
24/11/2021,"500,082,428,113","4,363,866",21.2107
25/11/2021,"422,613,566,641","4,768,597",21.4357
26/11/2021,"601,660,683,082","10,756,123",21.5462
27/11/2021,"11,888,961,653","3,897,764",N/E
28/11/2021,"5,092,620,082","2,634,151",N/E
29/11/2021,"649,560,723,696","7,827,300",21.8185
30/11/2021,"661,146,807,457","9,053,367",21.7333
1/12/2021,"527,756,227,080","6,863,906",21.4453
2/12/2021,"495,747,939,449","7,527,398",21.271
3/12/2021,"516,980,766,744","8,609,094",21.3033
4/12/2021,"11,967,253,135","5,021,593",N/E
5/12/2021,"5,677,108,390","2,949,565",N/E
6/12/2021,"577,987,898,959","10,526,980",21.4177
7/12/2021,"502,809,923,276","5,580,408",21.2047
8/12/2021,"488,379,156,460","5,638,313",21.0907
9/12/2021,"531,624,633,375","6,853,149",20.933
10/12/2021,"591,154,817,426","7,846,017",21.0328
11/12/2021,"13,183,549,981","4,708,493",N/E
12/12/2021,"5,574,708,391","3,117,993",N/E
13/12/2021,"602,861,132,619","8,769,221",20.8922
14/12/2021,"589,035,220,389","8,099,489",20.9383
15/12/2021,"645,212,258,799","8,714,408",21.165
16/12/2021,"679,130,458,142","7,060,360",21.2393
17/12/2021,"632,563,397,778","7,455,885",20.9238
18/12/2021,"14,588,695,920","4,823,255",N/E
19/12/2021,"6,276,526,772","3,024,546",N/E
20/12/2021,"663,589,446,594","8,235,404",20.7337
21/12/2021,"513,953,520,917","6,655,051",20.7363
22/12/2021,"523,941,184,977","6,290,822",20.7823
23/12/2021,"574,273,127,180","6,409,246",20.7527
24/12/2021,"364,376,635,021","4,705,786",20.6582
25/12/2021,"3,763,246,963","1,953,237",N/E
26/12/2021,"4,671,502,632","2,485,828",N/E
27/12/2021,"515,816,280,332","10,290,125",20.6112
28/12/2021,"478,544,149,629","5,865,055",20.6828
29/12/2021,"521,146,834,743","7,100,367",20.577
30/12/2021,"618,107,157,439","8,011,452",20.5835
31/12/2021,"564,014,713,373","5,980,991",20.5157
1/1/2022,"5,714,915,388","2,632,731",N/E
2/1/2022,"6,494,280,673","3,411,004",N/E
3/1/2022,"521,151,422,401","6,570,275",20.4672
4/1/2022,"393,241,016,677","5,997,359",20.589
5/1/2022,"411,315,439,043","5,808,083",20.4742
6/1/2022,"399,554,529,092","6,082,629",20.3977
7/1/2022,"450,791,341,596","7,413,886",20.4588
8/1/2022,"10,252,454,060","4,004,507",N/E
9/1/2022,"4,818,199,776","2,833,827",N/E
10/1/2022,"539,584,816,978","13,678,822",20.4237
11/1/2022,"467,256,607,026","4,672,151",20.4453
12/1/2022,"439,182,476,972","5,067,738",20.3785
13/01/2022,"472,874,597,607","6,313,905",20.366
14/01/2022,"651,658,206,407","9,320,815",20.3607
15/01/2022,"14,107,045,355","4,767,688",N/E
16/01/2022,"6,297,776,951","2,901,981",N/E
17/01/2022,"584,336,926,803","6,342,145",20.3118
18/01/2022,"433,411,797,992","5,024,292",20.3002
19/01/2022,"403,429,427,541","4,690,357",20.403
20/01/2022,"446,918,529,753","5,173,173",20.46
21/01/2022,"463,663,213,154","5,690,731",20.4507
22/01/2022,"10,175,964,762","3,205,780",N/E
23/01/2022,"4,760,744,267","2,124,790",N/E
24/01/2022,"467,622,449,795","5,049,244",20.4598
25/01/2022,"425,396,605,611","4,936,052",20.6308
26/01/2022,"424,686,447,144","4,704,156",20.6683
27/01/2022,"486,648,281,475","4,911,223",20.6415
28/01/2022,"548,463,294,572","13,521,818",20.7383
29/01/2022,"14,002,777,651","4,498,875",N/E
30/01/2022,"6,143,359,453","3,345,766",N/E
31/01/2022,"721,231,861,738","9,653,016",20.8597
1/2/2022,"487,231,425,312","7,195,242",20.6352
2/2/2022,"427,781,460,774","6,319,288",20.58
3/2/2022,"430,759,295,764","5,870,876",20.6003
4/2/2022,"479,127,760,207","12,299,098",20.5562
5/2/2022,"10,709,090,547","3,680,914",N/E
6/2/2022,"4,933,802,059","2,355,414",N/E
7/2/2022,"10,133,145,996","6,421,028",N/E
8/2/2022,"531,739,383,322","6,773,435",20.7325
9/2/2022,"459,995,874,970","5,145,933",20.6413
10/2/2022,"504,121,336,306","13,262,292",20.5008
11/2/2022,"539,366,607,077","6,294,652",20.4148
12/2/2022,"11,242,110,361","4,097,236",N/E
13/02/2022,"5,301,870,871","2,689,156",N/E
14/02/2022,"567,030,261,581","7,783,323",20.4188
15/02/2022,"511,794,312,148","9,789,115",20.411
16/02/2022,"465,016,187,731","6,289,451",20.3992
17/02/2022,"510,180,649,432","5,714,334",20.3335
18/02/2022,"495,677,148,120","6,414,324",20.2978
19/02/2022,"11,010,009,494","3,762,908",N/E
20/02/2022,"5,111,960,636","2,406,436",N/E
21/02/2022,"466,390,004,893","5,588,690",20.3063
22/02/2022,"479,525,668,369","5,219,508",20.2825
23/02/2022,"470,423,384,691","4,910,406",20.2977
24/02/2022,"518,657,521,852","5,436,490",20.2435
25/02/2022,"622,502,637,296","12,756,702",20.6525
26/02/2022,"14,568,220,919","4,477,867",N/E
27/02/2022,"6,355,157,119","2,956,337",N/E
28/02/2022,"791,435,519,229","9,643,830",20.4465
1/3/2022,"500,098,781,135","7,480,319",20.4257
2/3/2022,"443,972,717,800","6,642,723",20.5272
3/3/2022,"454,434,469,474","6,323,955",20.7193
4/3/2022,"490,315,944,760","13,935,092",20.7033
5/3/2022,"12,205,750,167","4,307,247",N/E
6/3/2022,"5,438,585,035","2,504,860",N/E
7/3/2022,"526,319,054,064","9,132,842",20.9262
8/3/2022,"466,046,251,796","5,338,281",21.1947
9/3/2022,"450,022,122,220","5,937,799",21.3775
10/3/2022,"490,916,305,407","5,851,961",20.9677
11/3/2022,"564,935,603,026","8,942,753",20.9743
12/3/2022,"12,032,686,006","4,221,051",N/E
13/03/2022,"5,355,946,046","2,504,592",N/E
14/03/2022,"576,461,983,103","7,981,891",20.9695
15/03/2022,"518,241,705,797","8,479,305",20.8908
16/03/2022,"513,445,808,852","6,738,777",20.8743
17/03/2022,"566,783,141,489","6,078,275",20.7035
18/03/2022,"568,450,868,835","6,235,298",20.5585
19/03/2022,"11,542,049,823","3,655,071",N/E
20/03/2022,"5,043,021,572","2,178,626",N/E
21/03/2022,"9,002,062,948","3,363,754",N/E
22/03/2022,"610,131,860,603","6,007,964",20.4145
23/03/2022,"553,064,223,576","5,380,457",20.2782
24/03/2022,"498,420,179,891","5,690,979",20.18
25/03/2022,"597,888,167,806","10,229,449",20.1313
26/03/2022,"11,706,695,512","3,822,413",N/E
27/03/2022,"5,189,181,010","2,144,096",N/E
28/03/2022,"562,924,748,345","5,808,119",19.9577
29/03/2022,"571,762,520,339","7,017,026",20.1195
30/03/2022,"606,391,503,672","8,226,295",19.9942
31/03/2022,"786,227,984,281","10,111,901",19.8632
1/4/2022,"512,132,673,832","8,185,931",19.9112
2/4/2022,"12,836,378,017","4,740,581",N/E
3/4/2022,"6,226,045,669","2,663,779",N/E
4/4/2022,"515,826,166,687","13,029,930",19.8432
5/4/2022,"447,146,836,028","6,282,419",19.7443
6/4/2022,"462,552,589,187","6,338,307",19.9012
7/4/2022,"485,320,286,000","6,433,580",20.0665
8/4/2022,"516,848,484,965","8,036,123",20.1605
9/4/2022,"12,438,026,156","4,098,762",N/E
10/4/2022,"5,663,067,242","2,135,260",N/E
11/4/2022,"555,398,569,745","7,715,326",20.12
12/4/2022,"527,619,999,936","6,280,099",20.0093
13/04/2022,"630,238,320,157","9,501,828",19.8407
14/04/2022,"16,838,804,554","5,539,980",N/E
15/04/2022,"10,264,168,054","3,212,471",N/E
16/04/2022,"7,438,558,877","3,123,779",N/E
17/04/2022,"5,609,334,361","2,315,724",N/E
18/04/2022,"682,340,453,574","6,063,029",19.7967
19/04/2022,"459,060,022,222","7,838,754",19.9377
20/04/2022,"458,788,746,060","5,553,274",20.0447
21/04/2022,"478,905,816,323","6,117,157",20.0383
22/04/2022,"510,220,249,528","7,620,898",20.1802
23/04/2022,"11,627,132,781","3,893,202",N/E
24/04/2022,"5,357,867,723","2,459,770",N/E
25/04/2022,"541,528,847,608","6,284,053",20.3183
26/04/2022,"468,710,428,721","5,811,996",20.2992
27/04/2022,"506,830,376,777","5,643,754",20.356
28/04/2022,"542,800,672,168","13,089,233",20.4707
29/04/2022,"779,306,408,520","11,321,538",20.567
30/04/2022,"19,811,008,486","5,871,540",N/E
1/5/2022,"9,284,404,076","3,740,561",N/E
2/5/2022,"558,513,964,792","8,339,026",20.3728
3/5/2022,"451,099,586,608","6,457,816",20.4075
4/5/2022,"483,000,240,259","5,923,054",20.335
5/5/2022,"465,196,830,032","6,271,917",20.2535
6/5/2022,"535,450,150,612","10,536,929",20.2218
7/5/2022,"12,170,540,488","4,201,936",N/E
8/5/2022,"5,637,751,131","2,425,230",N/E
9/5/2022,"512,086,660,961","8,574,079",20.1085
10/5/2022,"503,624,708,095","6,088,406",20.3172
11/5/2022,"488,639,276,091","6,244,256",20.372
12/5/2022,"555,697,437,584","8,266,592",20.2592
13/05/2022,"604,384,055,138","10,437,192",20.32
14/05/2022,"15,135,132,136","5,285,865",N/E
15/05/2022,"8,523,961,829","3,266,966",N/E
16/05/2022,"599,066,536,069","7,287,665",20.1443
17/05/2022,"522,450,502,615","7,114,236",20.0782
18/05/2022,"488,882,037,924","6,708,118",19.9637
19/05/2022,"478,320,483,200","6,069,137",19.9663
20/05/2022,"543,585,981,425","6,192,203",19.9267
21/05/2022,"12,370,520,708","4,158,177",N/E
22/05/2022,"5,603,940,783","2,237,035",N/E
23/05/2022,"546,675,871,122","5,582,033",19.8657
24/05/2022,"456,495,635,363","6,311,072",19.8282
25/05/2022,"505,335,229,804","5,638,452",19.887
26/05/2022,"516,055,936,423","5,127,203",19.8377
27/05/2022,"589,316,098,427","14,924,737",19.7933
28/05/2022,"13,600,911,904","4,648,471",N/E
29/05/2022,"6,556,707,873","2,892,947",N/E
30/05/2022,"560,454,418,787","7,989,936",19.5965
31/05/2022,"728,667,860,414","8,863,332",19.4953
1/6/2022,"564,720,410,532","7,244,597",19.694
2/6/2022,"478,641,174,889","7,235,645",19.7388
3/6/2022,"518,011,659,800","8,602,742",19.5585
4/6/2022,"12,911,063,572","4,410,219",N/E
5/6/2022,"6,184,532,406","2,423,962",N/E
6/6/2022,"512,417,018,285","7,966,468",19.5742
7/6/2022,"432,515,812,692","6,691,915",19.5547
8/6/2022,"459,901,935,477","5,796,560",19.5998
9/6/2022,"481,491,607,953","5,506,668",19.59
10/6/2022,"580,627,033,885","7,370,508",19.6128
11/6/2022,"12,391,667,889","4,078,413",N/E
12/6/2022,"5,840,123,837","2,112,622",N/E
13/06/2022,"604,843,659,362","7,205,525",19.9297
14/06/2022,"543,303,369,244","7,902,706",20.4527
15/06/2022,"600,591,221,034","8,315,438",20.6583
16/06/2022,"513,313,652,804","7,235,548",20.6675
17/06/2022,"585,690,017,164","7,410,690",20.5728
18/06/2022,"12,910,697,660","4,084,864",N/E
19/06/2022,"5,518,339,353","2,336,521",N/E
20/06/2022,"568,203,614,227","6,718,968",20.476
21/06/2022,"505,362,337,328","5,858,637",20.2442
22/06/2022,"471,925,121,424","5,899,767",20.1963
23/06/2022,"505,105,124,553","6,058,099",20.0465
24/06/2022,"580,563,792,088","14,680,290",20.0365
25/06/2022,"12,190,844,445","3,963,956",N/E
26/06/2022,"5,773,218,456","2,002,197",N/E
27/06/2022,"587,109,296,937","7,565,456",19.8707
28/06/2022,"698,190,811,475","7,172,605",19.8797
29/06/2022,"568,269,057,728","8,372,027",19.9847
30/06/2022,"734,710,610,945","9,255,037",20.1443
1/7/2022,"579,972,273,128","9,647,633",20.1335
2/7/2022,"14,503,291,257","5,210,179",N/E
3/7/2022,"6,999,122,347","2,748,023",N/E
4/7/2022,"478,612,679,148","6,931,161",20.3817
5/7/2022,"514,213,259,581","6,457,083",20.2877
6/7/2022,"524,726,922,080","5,837,419",20.5598
7/7/2022,"506,789,106,981","7,167,629",20.7228
8/7/2022,"520,725,727,946","9,005,572",20.6022
9/7/2022,"12,748,249,841","4,369,091",N/E
10/7/2022,"6,154,271,728","2,558,428",N/E
11/7/2022,"535,815,128,400","7,861,506",20.4423
12/7/2022,"480,534,137,108","5,732,793",20.7473
13/07/2022,"491,219,168,883","6,724,656",20.7882
14/07/2022,"553,206,981,156","8,896,633",20.7613
15/07/2022,"646,706,922,057","10,870,205",20.9415
16/07/2022,"15,213,342,534","5,042,692",N/E
17/07/2022,"6,968,272,259","2,627,234",N/E
18/07/2022,"626,770,523,883","6,833,508",20.611
19/07/2022,"471,750,477,201","7,534,450",20.3957
20/07/2022,"500,395,953,717","6,878,907",20.4407
21/07/2022,"466,292,663,705","6,753,102",20.4913
22/07/2022,"492,866,571,093","7,358,090",20.6562
23/07/2022,"12,762,619,336","3,961,934",N/E
24/07/2022,"5,937,574,313","2,230,201",N/E
25/07/2022,"570,572,927,789","6,838,396",20.515
26/07/2022,"456,304,437,707","6,452,954",20.4652
27/07/2022,"489,138,162,960","6,109,240",20.433
28/07/2022,"566,094,068,506","7,773,169",20.512
29/07/2022,"710,690,834,858","18,513,334",20.3778
30/07/2022,"20,165,177,944","5,806,881",N/E
31/07/2022,"8,956,391,127","3,431,297",N/E
1/8/2022,"579,821,897,817","8,752,635",20.3485
2/8/2022,"487,935,293,744","8,965,405",20.2633
3/8/2022,"472,978,711,419","6,742,513",20.5152
4/8/2022,"487,097,705,537","6,967,791",20.6305
5/8/2022,"546,229,045,712","9,827,824",20.3358
6/8/2022,"13,048,693,631","4,541,016",N/E
7/8/2022,"6,259,136,534","2,432,153",N/E
8/8/2022,"501,945,868,759","7,300,497",20.401
9/8/2022,"442,887,984,030","6,054,567",20.2789
10/8/2022,"490,293,300,398","6,951,657",20.2715
11/8/2022,"550,674,102,018","6,960,940",19.9562
12/8/2022,"643,498,100,848","9,985,691",19.9595
13/08/2022,"14,528,930,536","4,818,611",N/E
14/08/2022,"7,035,257,991","2,684,762",N/E
15/08/2022,"632,940,557,893","9,011,416",19.874
16/08/2022,"522,628,341,220","7,426,255",19.8618
17/08/2022,"544,986,509,727","6,820,106",19.9303
18/08/2022,"518,272,798,026","6,636,189",20.0387
19/08/2022,"519,786,885,107","9,248,902",20.0835
20/08/2022,"13,159,413,358","4,568,229",N/E
21/08/2022,"6,429,781,572","2,368,875",N/E
22/08/2022,"568,811,093,625","7,496,612",20.1957
23/08/2022,"474,740,808,083","6,223,648",20.1598
24/08/2022,"483,892,491,763","6,257,619",19.9982
25/08/2022,"508,477,030,296","6,762,215",19.9198
26/08/2022,"571,978,218,145","16,506,130",19.9437
27/08/2022,"14,036,193,653","4,557,073",N/E
28/08/2022,"6,336,802,322","2,092,654",N/E
29/08/2022,"618,174,167,947","8,483,246",19.9268
30/08/2022,"588,463,815,755","8,680,437",19.9945
31/08/2022,"715,513,653,762","8,729,507",20.1465
1/9/2022,"546,736,667,097","8,912,152",20.0962
2/9/2022,"521,596,684,547","10,861,374",20.2473
3/9/2022,"14,220,554,667","5,121,835",N/E
4/9/2022,"7,222,941,407","2,512,223",N/E
5/9/2022,"478,996,769,192","7,509,508",19.9753
6/9/2022,"509,219,768,626","6,443,873",19.962
7/9/2022,"462,632,248,388","6,492,855",20.138
8/9/2022,"469,189,592,361","7,406,417",20.0297
9/9/2022,"515,982,870,674","9,626,604",20.0203
10/9/2022,"13,346,099,110","4,719,794",N/E
11/9/2022,"6,151,844,400","2,525,657",N/E
12/9/2022,"576,537,366,024","8,255,716",19.9027
13/09/2022,"537,078,041,652","7,292,717",19.7957
14/09/2022,"592,409,412,837","9,318,639",20.055
15/09/2022,"647,521,185,707","11,340,774",19.9768
16/09/2022,"12,308,859,980","4,715,460",N/E
17/09/2022,"11,889,851,373","4,736,242",N/E
18/09/2022,"6,827,430,426","2,601,077",N/E
19/09/2022,"654,404,421,834","7,308,402",20.0525
20/09/2022,"525,659,060,678","6,597,468",19.9943
21/09/2022,"572,265,647,941","6,732,286",20
22/09/2022,"530,069,121,197","7,298,553",20.0027
23/09/2022,"540,306,456,034","12,554,634",19.9608
24/09/2022,"13,410,838,098","4,682,098",N/E
25/09/2022,"6,287,499,915","2,572,150",N/E
26/09/2022,"597,476,993,830","8,287,912",20.1627
27/09/2022,"487,476,459,033","6,824,385",20.3517
28/09/2022,"555,050,021,360","7,890,792",20.357
29/09/2022,"595,914,903,135","15,610,317",20.3058
30/09/2022,"769,524,524,900","12,115,764",20.1927
1/10/2022,"18,467,687,263","5,984,171",N/E
2/10/2022,"9,987,509,094","3,282,549",N/E
3/10/2022,"622,875,468,280","8,850,244",20.0925
4/10/2022,"491,176,373,881","7,199,215",20.0008
5/10/2022,"484,354,483,516","7,220,922",19.9698
6/10/2022,"517,260,745,069","7,862,751",20.1267
7/10/2022,"530,515,296,667","10,663,224",20.1087
8/10/2022,"13,694,913,993","5,360,050",N/E
9/10/2022,"6,592,184,424","2,726,279",N/E
10/10/2022,"491,596,353,561","9,158,345",20.0502
11/10/2022,"530,619,887,752","7,630,874",19.9752
12/10/2022,"467,433,665,439","6,602,883",19.9652
13/10/2022,"536,131,378,851","9,089,727",20.0352
14/10/2022,"606,545,159,419","12,716,437",20.0398
15/10/2022,"18,524,048,055","7,006,341",N/E
16/10/2022,"8,853,383,317","3,330,842",N/E
17/10/2022,"656,275,104,962","8,805,244",20.0838
18/10/2022,"500,215,847,305","6,870,777",19.9913
19/10/2022,"488,581,687,002","7,064,254",20.0207
20/10/2022,"531,625,652,482","7,673,853",20.1272
21/10/2022,"529,339,072,164","9,332,135",20.0448
22/10/2022,"13,626,316,050","5,069,874",N/E
23/10/2022,"6,469,971,138","2,541,024",N/E
24/10/2022,"544,062,737,847","7,955,439",19.9647
25/10/2022,"553,943,751,851","7,139,408",19.9535
26/10/2022,"504,807,123,880","6,966,318",19.8712
27/10/2022,"595,107,131,334","7,985,707",19.8553
28/10/2022,"623,563,795,387","22,687,324",19.8365
29/10/2022,"18,591,732,101","6,410,668",N/E
30/10/2022,"8,830,737,944","3,729,932",N/E
31/10/2022,"829,976,379,137","10,432,969",19.8303
1/11/2022,"632,036,879,591","9,198,210",19.8245
2/11/2022,"21,200,030,508","6,244,596",N/E
3/11/2022,"661,400,554,546","9,591,580",19.7463
4/11/2022,"581,627,035,502","12,327,837",19.6673
5/11/2022,"15,467,400,091","6,433,885",N/E
6/11/2022,"7,063,851,498","3,181,667",N/E
7/11/2022,"569,771,183,393","9,544,648",19.5202
8/11/2022,"489,856,873,714","8,287,365",19.4647
9/11/2022,"493,169,744,520","8,577,034",19.4775
10/11/2022,"626,618,915,519","8,805,839",19.5887
11/11/2022,"548,314,043,219","10,641,285",19.394
12/11/2022,"15,880,715,197","5,633,033",N/E
13/11/2022,"7,545,146,264","3,217,516",N/E
14/11/2022,"676,331,662,674","10,613,779",19.5353
15/11/2022,"601,976,871,300","10,781,363",19.4015
16/11/2022,"523,776,130,077","8,301,401",19.3818
17/11/2022,"646,653,898,162","8,981,672",19.3137
18/11/2022,"613,355,138,066","11,942,756",19.4333
19/11/2022,"17,003,316,854","6,109,307",N/E
20/11/2022,"7,623,797,048","2,972,988",N/E
21/11/2022,"13,468,535,496","4,346,929",N/E
22/11/2022,"691,755,122,872","8,823,507",19.493
23/11/2022,"577,493,272,959","7,881,078",19.4667
24/11/2022,"491,091,622,095","9,191,901",19.3683
25/11/2022,"591,581,105,507","20,710,640",19.3692
26/11/2022,"15,322,557,175","5,189,197",N/E
27/11/2022,"7,160,503,574","2,995,685",N/E
28/11/2022,"715,668,976,638","9,728,680",19.3393
29/11/2022,"622,355,915,034","11,513,775",19.325
30/11/2022,"798,030,068,474","12,571,779",19.216
1/12/2022,"637,888,701,847","11,962,403",19.3965
2/12/2022,"616,263,212,052","17,850,399",19.1433
3/12/2022,"17,066,920,512","6,948,329",N/E
4/12/2022,"8,736,165,120","4,373,659",N/E
5/12/2022,"678,751,524,153","11,277,474",19.3422
6/12/2022,"542,525,154,967","10,736,777",19.7567
7/12/2022,"652,577,126,857","10,437,818",19.803
8/12/2022,"659,240,860,611","11,459,538",19.6977
9/12/2022,"701,082,000,325","14,299,342",19.6732
10/12/2022,"20,146,746,929","7,742,436",N/E
11/12/2022,"8,999,623,050","4,020,762",N/E
12/12/2022,"31,536,621,326","7,732,786",N/E
13/12/2022,"796,529,937,680","11,171,391",19.8192
14/12/2022,"710,760,106,482","10,999,981",19.6458
15/12/2022,"842,126,908,214","13,540,766",19.6955
16/12/2022,"785,048,552,088","20,486,332",19.7963
17/12/2022,"22,034,077,030","7,431,158",N/E
18/12/2022,"10,085,538,142","4,210,198",N/E
19/12/2022,"785,862,031,327","10,439,669",19.7932
20/12/2022,"640,633,595,023","9,916,798",19.7557
21/12/2022,"718,554,547,925","9,737,538",19.7482
22/12/2022,"634,360,499,149","10,331,514",19.6932
23/12/2022,"622,148,728,603","12,521,404",19.574
24/12/2022,"15,446,327,951","5,558,017",N/E
25/12/2022,"5,282,512,414","1,961,313",N/E
26/12/2022,"513,720,765,309","7,320,826",19.4287
27/12/2022,"574,838,266,350","7,400,432",19.3983
28/12/2022,"605,493,186,395","8,720,821",19.4407
29/12/2022,"689,185,769,376","10,407,233",19.4143
30/12/2022,"801,892,928,867","24,236,665",19.3615
31/12/2022,"23,639,721,428","8,226,838",N/E
1/1/2023,"7,172,582,580","2,901,151",N/E
2/1/2023,"523,672,195,558","10,314,416",19.4715
3/1/2023,"483,498,686,796","9,576,293",19.4883
4/1/2023,"449,236,115,713","9,018,789",19.422
5/1/2023,"489,374,159,135","9,359,611",19.3568
6/1/2023,"493,899,992,931","11,229,517",19.3672
7/1/2023,"14,893,055,680","6,032,425",N/E
8/1/2023,"7,734,970,682","3,242,410",N/E
9/1/2023,"540,551,466,392","15,902,261",19.1753
10/1/2023,"501,402,562,846","9,544,647",19.1648
11/1/2023,"489,980,956,103","9,883,329",19.1108
12/1/2023,"534,639,060,055","10,143,818",19.026
13/01/2023,"646,298,806,496","16,181,272",18.8735
14/01/2023,"18,340,524,830","8,138,039",N/E
15/01/2023,"10,763,336,294","4,425,454",N/E
16/01/2023,"614,142,483,735","12,045,647",18.7922
17/01/2023,"714,552,908,479","8,759,147",18.7913
18/01/2023,"499,372,820,168","9,281,384",18.7493
19/01/2023,"564,237,725,914","8,784,268",18.7493
20/01/2023,"587,493,981,692","11,495,893",19.0327
21/01/2023,"17,781,822,764","5,700,245",N/E
22/01/2023,"7,744,758,501","2,935,684",N/E
23/01/2023,"560,980,657,693","8,772,451",18.9257
24/01/2023,"477,906,361,194","7,892,778",18.8267
25/01/2023,"516,438,383,452","8,535,682",18.8318
26/01/2023,"531,337,228,328","8,715,630",18.82
27/01/2023,"627,965,973,221","23,522,654",18.8355
28/01/2023,"16,867,819,312","6,380,801",N/E
29/01/2023,"8,305,833,048","3,249,378",N/E
30/01/2023,"653,135,413,892","11,823,051",18.7872
31/01/2023,"759,778,631,861","11,257,193",18.7793
1/2/2023,"539,878,763,473","10,483,819",18.7937
2/2/2023,"506,961,343,896","10,411,261",18.739
3/2/2023,"540,176,068,652","14,349,080",18.6232
4/2/2023,"16,727,890,359","6,790,642",N/E
5/2/2023,"7,945,890,643","3,723,900",N/E
6/2/2023,"13,899,697,451","7,388,137",N/E
7/2/2023,"625,116,206,903","18,252,328",18.8895
8/2/2023,"509,830,849,409","9,549,352",19.0517
9/2/2023,"520,846,960,186","9,871,393",18.9435
10/2/2023,"590,392,181,650","13,322,662",18.9543
11/2/2023,"16,661,756,256","5,964,650",N/E
12/2/2023,"7,390,690,378","2,791,757",N/E
13/02/2023,"615,981,178,210","10,174,883",18.6893
14/02/2023,"540,277,634,064","11,966,143",18.6327
15/02/2023,"592,822,056,594","12,485,277",18.5383
16/02/2023,"562,423,714,302","12,159,539",18.6428
17/02/2023,"622,497,360,289","13,613,064",18.5497
18/02/2023,"16,290,167,200","6,064,612",N/E
19/02/2023,"7,985,942,950","2,983,998",N/E
20/02/2023,"588,091,987,906","9,030,610",18.4142
21/02/2023,"516,789,679,042","8,129,626",18.397
22/02/2023,"496,821,770,190","8,192,334",18.3938
23/02/2023,"541,927,738,850","9,369,585",18.3483
24/02/2023,"616,236,231,710","24,783,511",18.4107
25/02/2023,"17,084,618,992","6,433,514",N/E
26/02/2023,"8,247,662,721","4,608,456",N/E
27/02/2023,"697,378,864,853","11,760,144",18.4023
28/02/2023,"820,843,937,508","14,491,762",18.4077
1/3/2023,"551,740,964,615","11,952,586",18.3448
2/3/2023,"509,152,448,955","11,558,121",18.17
3/3/2023,"556,829,407,061","16,387,353",18.126
4/3/2023,"16,769,774,566","7,987,736",N/E
5/3/2023,"8,748,296,460","4,771,312",N/E
6/3/2023,"591,074,672,778","17,878,127",18.0123
7/3/2023,"494,250,806,251","10,125,723",18.0122
8/3/2023,"479,880,063,455","9,817,584",18.1155
9/3/2023,"566,417,562,375","10,518,908",17.9662
10/3/2023,"612,728,046,570","13,766,313",18.0577
11/3/2023,"16,584,841,226","6,236,806",N/E
12/3/2023,"7,779,014,818","3,023,099",N/E
13/03/2023,"603,270,747,114","11,528,458",18.4083
14/03/2023,"618,552,330,017","12,118,724",18.8302
15/03/2023,"747,369,584,114","13,468,782",18.6427
16/03/2023,"589,893,362,743","12,005,889",18.9972
17/03/2023,"690,636,612,825","13,958,938",18.9095
18/03/2023,"17,069,747,699","6,671,679",N/E
19/03/2023,"7,344,261,055","2,583,792",N/E
20/03/2023,"14,044,518,664","6,237,615",N/E
21/03/2023,"766,313,067,610","10,385,395",18.8977
22/03/2023,"536,002,735,423","9,015,428",18.6755
23/03/2023,"564,244,909,200","46,304,682",18.5437
24/03/2023,"579,216,578,430","24,189,632",18.4902
25/03/2023,"16,329,891,036","6,087,907",N/E
26/03/2023,"7,662,159,260","2,904,025",N/E
27/03/2023,"693,661,276,223","11,279,694",18.5178
28/03/2023,"575,174,410,977","9,894,801",18.383
29/03/2023,"590,561,011,769","11,942,932",18.2523
30/03/2023,"688,811,246,857","13,656,796",18.1052
31/03/2023,"919,557,778,210","18,248,749",18.0932
1/4/2023,"23,154,332,404","8,458,668",N/E
2/4/2023,"9,976,343,954","3,871,563",N/E
3/4/2023,"701,210,668,941","11,196,261",18.0415
4/4/2023,"529,767,744,173","10,275,623",18.107
5/4/2023,"647,779,894,268","12,829,360",18.1185
6/4/2023,"19,812,626,028","12,519,059",N/E
7/4/2023,"10,540,171,075","4,178,971",N/E
8/4/2023,"8,999,743,086","4,741,015",N/E
9/4/2023,"6,831,966,698","3,640,914",N/E
10/4/2023,"711,867,152,510","12,554,977",18.3323
11/4/2023,"570,184,231,652","10,738,190",18.1765
12/4/2023,"531,908,315,422","10,753,255",18.187
13/04/2023,"569,415,882,474","13,236,672",18.066
14/04/2023,"616,149,786,150","18,341,056",18.0152
15/04/2023,"22,880,712,616","10,724,764",N/E
16/04/2023,"10,699,640,875","5,885,456",N/E
17/04/2023,"719,877,447,543","12,210,387",18.0638
18/04/2023,"480,930,231,492","10,776,496",18.0868
19/04/2023,"482,594,393,482","11,595,881",18.063
20/04/2023,"535,843,593,105","10,759,427",18.0448
21/04/2023,"506,522,586,559","15,493,659",18.009
22/04/2023,"16,484,907,093","7,050,373",N/E
23/04/2023,"7,899,616,883","2,535,887",N/E
24/04/2023,"542,683,451,604","12,782,730",17.9988
25/04/2023,"536,627,143,532","11,301,520",18.0082
26/04/2023,"552,242,846,241","11,747,887",18.0892
27/04/2023,"638,867,941,220","13,189,277",18.103
28/04/2023,"875,550,686,200","19,847,600",18.0723
29/04/2023,"27,028,701,718","11,009,744",N/E
30/04/2023,"11,932,645,306","5,467,698",N/E
1/5/2023,"18,748,950,286","10,030,602",N/E
2/5/2023,"860,604,127,593","15,138,027",17.9975
3/5/2023,"564,935,270,838","12,697,325",18.0325
4/5/2023,"556,627,174,025","14,002,219",17.906
5/5/2023,"549,777,047,448","22,066,183",17.9575
6/5/2023,"17,246,470,695","8,851,956",N/E
7/5/2023,"8,126,626,715","3,726,970",N/E
8/5/2023,"563,261,673,389","14,515,556",17.7863
9/5/2023,"496,186,015,220","13,636,848",17.8213
10/5/2023,"459,072,187,163","12,405,139",17.7608
11/5/2023,"583,385,514,113","12,952,645",17.5845
12/5/2023,"609,007,004,439","17,951,420",17.6287
13/05/2023,"19,632,095,252","8,128,035",N/E
14/05/2023,"9,664,109,876","4,635,746",N/E
15/05/2023,"658,063,183,079","16,396,471",17.6142
16/05/2023,"537,444,437,365","12,826,884",17.538
17/05/2023,"608,052,223,257","11,660,620",17.4672
18/05/2023,"527,244,474,501","12,793,238",17.5872
19/05/2023,"563,994,486,844","16,242,072",17.7342
20/05/2023,"17,556,855,771","9,115,481",N/E
21/05/2023,"8,460,839,942","3,280,998",N/E
22/05/2023,"561,437,107,221","11,368,284",17.693
23/05/2023,"513,451,992,955","10,574,145",17.868
24/05/2023,"489,711,373,581","12,041,999",17.9687
25/05/2023,"588,719,710,631","12,644,603",17.8195
26/05/2023,"620,021,858,110","24,699,073",17.8252
27/05/2023,"18,348,402,143","6,597,107",N/E
28/05/2023,"8,605,003,730","3,013,039",N/E
29/05/2023,"552,618,665,148","13,541,527",17.6723
30/05/2023,"661,378,725,186","14,889,998",17.5605
31/05/2023,"778,263,588,835","15,689,067",17.6532
1/6/2023,"632,051,482,963","17,386,267",17.7418
2/6/2023,"602,626,866,480","18,486,120",17.5673
3/6/2023,"19,079,597,222","10,427,295",N/E
4/6/2023,"9,498,841,099","4,379,461",N/E
5/6/2023,"606,176,524,547","17,266,489",17.5063
6/6/2023,"496,617,305,547","12,995,103",17.4732
7/6/2023,"483,495,327,692","10,258,740",17.4192
8/6/2023,"547,345,298,858","11,568,848",17.3608
9/6/2023,"558,864,511,026","16,932,591",17.4085
10/6/2023,"17,741,133,068","8,719,485",N/E
11/6/2023,"8,402,785,549","4,478,471",N/E
12/6/2023,"611,441,946,620","13,412,407",17.284
13/06/2023,"554,375,386,556","10,640,020",17.312
14/06/2023,"560,034,473,018","11,273,383",17.2185
15/06/2023,"651,171,518,635","13,437,262",17.1247
16/06/2023,"631,951,863,385","14,719,278",17.1762
17/06/2023,"19,213,232,124","6,525,464",N/E
18/06/2023,"8,826,017,837","2,842,754",N/E
19/06/2023,"625,328,379,565","8,989,535",17.0792
20/06/2023,"573,763,250,882","8,305,086",17.0945
21/06/2023,"527,789,989,070","7,910,594",17.2043
22/06/2023,"543,369,408,183","9,583,323",17.1547
23/06/2023,"583,036,491,391","12,845,168",17.1713
24/06/2023,"17,325,934,476","5,879,597",N/E
25/06/2023,"8,262,553,874","2,848,346",N/E
26/06/2023,"593,799,506,262","8,896,336",17.1795
27/06/2023,"549,140,684,550","8,596,801",17.1445
28/06/2023,"563,706,602,723","8,942,853",17.1013
29/06/2023,"670,003,315,721","12,100,307",17.072
30/06/2023,"860,916,247,333","26,807,896",17.1187
1/7/2023,"24,749,986,110","8,734,731",N/E
2/7/2023,"11,652,976,340","4,177,833",N/E
3/7/2023,"715,522,528,239","12,105,687",17.1358
4/7/2023,"463,139,043,940","10,959,934",17.0517
5/7/2023,"542,822,533,971","11,686,623",17.026
6/7/2023,"574,793,001,575","13,485,580",17.004
7/7/2023,"579,482,393,518","16,299,758",17.2825
8/7/2023,"17,985,183,897","6,733,488",N/E
9/7/2023,"8,684,517,929","2,915,370",N/E
10/7/2023,"629,335,582,494","11,061,483",17.1012
11/7/2023,"568,929,687,887","8,937,849",17.0605
12/7/2023,"572,755,754,891","10,254,260",17.0783
13/07/2023,"621,791,924,614","11,195,148",16.8537
14/07/2023,"715,989,761,229","17,137,689",16.8905
15/07/2023,"24,941,142,157","8,527,994",N/E
16/07/2023,"11,797,783,458","3,290,258",N/E
17/07/2023,"739,802,102,006","9,897,840",16.7892
18/07/2023,"502,275,930,664","8,792,100",16.7858
19/07/2023,"488,279,598,667","8,464,779",16.748
20/07/2023,"598,738,962,127","11,457,237",16.7667
21/07/2023,"570,879,425,276","14,107,960",16.846
22/07/2023,"18,620,620,483","5,950,920",N/E
23/07/2023,"8,597,880,821","2,315,596",N/E
24/07/2023,"578,739,435,870","9,746,423",16.9393
25/07/2023,"534,220,570,181","8,659,019",16.8367
26/07/2023,"564,091,685,180","8,732,533",16.9075
27/07/2023,"627,939,328,351","10,101,934",16.8825
28/07/2023,"657,600,644,750","25,952,189",16.7338
29/07/2023,"23,315,601,902","7,855,187",N/E
30/07/2023,"11,201,023,239","3,548,886",N/E
31/07/2023,"865,634,665,095","12,983,703",16.6895
1/8/2023,"557,099,834,464","11,836,146",16.7303
2/8/2023,"516,093,054,593","10,089,811",16.8533
3/8/2023,"536,855,826,085","11,019,101",17.0193
4/8/2023,"557,005,261,902","16,396,462",17.2892
5/8/2023,"19,337,742,213","7,787,322",N/E
6/8/2023,"9,356,898,083","4,570,898",N/E
7/8/2023,"558,839,162,799","12,195,716",17.0555
8/8/2023,"504,453,575,807","9,555,137",17.0608
9/8/2023,"489,618,645,861","9,803,917",17.1122
10/8/2023,"585,740,691,464","10,499,318",17.0767
11/8/2023,"605,772,019,487","13,671,018",16.9548
12/8/2023,"18,620,351,130","6,503,585",N/E
13/08/2023,"9,434,422,666","3,052,304",N/E
14/08/2023,"621,013,407,840","12,049,769",17.0045
15/08/2023,"588,957,836,039","12,445,030",17.0672
16/08/2023,"545,222,272,123","10,667,274",17.1388
17/08/2023,"617,617,894,681","10,478,646",17.0768
18/08/2023,"570,392,308,689","14,369,439",17.1225
19/08/2023,"18,869,554,744","6,199,077",N/E
20/08/2023,"9,489,332,421","3,021,377",N/E
21/08/2023,"581,548,406,935","10,102,702",17.0477
22/08/2023,"515,386,742,318","9,063,519",17.0202
23/08/2023,"516,705,678,725","8,316,573",16.9267
24/08/2023,"547,318,375,273","9,832,344",16.8077
25/08/2023,"599,033,436,453","23,067,054",16.809
26/08/2023,"19,107,375,702","6,203,699",N/E
27/08/2023,"9,359,049,681","3,127,272",N/E
28/08/2023,"587,400,471,629","10,535,560",16.7718
29/08/2023,"525,460,184,889","11,616,980",16.7432
30/08/2023,"615,973,541,974","12,353,546",16.8402
31/08/2023,"798,625,401,596","14,131,304",16.7477
1/9/2023,"596,947,532,527","17,068,848",16.917
2/9/2023,"21,443,829,331","7,717,333",N/E
3/9/2023,"11,322,847,678","4,335,025",N/E
4/9/2023,"518,164,442,591","11,893,649",17.1113
5/9/2023,"534,189,389,774","10,438,204",17.175
6/9/2023,"527,317,626,580","9,873,329",17.3492
7/9/2023,"536,970,403,666","12,344,830",17.5805
8/9/2023,"545,395,056,319","16,899,572",17.5543
9/9/2023,"18,994,767,872","7,391,073",N/E
10/9/2023,"9,785,028,118","3,094,519",N/E
11/9/2023,"571,126,305,967","10,132,255",17.5767
12/9/2023,"531,406,240,538","9,517,475",17.3813
13/09/2023,"554,162,373,961","9,348,050",17.2553
14/09/2023,"622,083,143,921","13,264,341",17.1235
15/09/2023,"611,742,384,832","16,588,654",17.1042
16/09/2023,"16,280,166,752","5,808,289",N/E
17/09/2023,"11,285,680,736","3,705,411",N/E
18/09/2023,"671,343,494,654","12,057,035",17.0807
19/09/2023,"557,825,789,501","9,071,455",17.1307
20/09/2023,"567,650,269,422","9,436,936",17.0805
21/09/2023,"557,012,024,480","10,614,936",17.024
22/09/2023,"564,528,572,298","13,992,927",17.1675
23/09/2023,"18,657,175,055","6,574,989",N/E
24/09/2023,"9,295,899,060","2,781,840",N/E
25/09/2023,"615,054,447,850","9,773,540",17.1568
26/09/2023,"539,347,207,890","9,224,705",17.3733
27/09/2023,"606,416,982,355","9,258,983",17.4758
28/09/2023,"689,221,486,353","12,327,837",17.7287
29/09/2023,"913,342,928,883","26,582,960",17.6195
30/09/2023,"31,091,703,609","9,156,663",N/E
1/10/2023,"14,610,234,077","4,838,843",N/E
2/10/2023,"678,809,398,228","13,070,208",17.4127
3/10/2023,"537,285,307,837","11,766,150",17.592
4/10/2023,"512,798,800,062","11,608,209",17.9025
5/10/2023,"599,227,872,562","13,794,603",18.017
6/10/2023,"568,535,530,197","18,210,726",18.2407
7/10/2023,"18,946,392,527","7,465,974",N/E
8/10/2023,"9,425,620,146","3,244,689",N/E
9/10/2023,"503,011,622,337","12,016,906",18.1837
10/10/2023,"580,744,270,712","10,423,645",18.3482
11/10/2023,"568,842,619,109","10,234,326",17.9917
12/10/2023,"612,041,976,254","11,824,109",17.842
13/10/2023,"612,864,778,277","18,269,356",17.9132
14/10/2023,"24,004,374,173","8,297,537",N/E
15/10/2023,"13,501,910,738","4,373,128",N/E
16/10/2023,"662,619,305,789","12,868,320",18.0362
17/10/2023,"585,940,276,390","9,336,287",17.9568
18/10/2023,"543,617,160,627","10,070,344",17.9097
19/10/2023,"552,874,804,371","11,858,118",18.244
20/10/2023,"581,626,552,441","13,934,367",18.2873
21/10/2023,"19,007,605,692","6,393,055",N/E
22/10/2023,"9,691,772,833","3,588,257",N/E
23/10/2023,"595,202,406,914","10,048,389",18.2343
24/10/2023,"518,667,443,301","8,918,137",18.1218
25/10/2023,"555,199,805,953","9,073,326",18.2842
26/10/2023,"570,566,599,526","10,496,518",18.3122
27/10/2023,"635,164,282,401","26,147,348",18.2178
28/10/2023,"21,754,138,672","7,763,608",N/E
29/10/2023,"10,508,647,348","3,383,942",N/E
30/10/2023,"727,161,390,250","13,407,813",18.0752
31/10/2023,"869,902,455,858","12,238,487",18.064
1/11/2023,"666,469,552,548","12,361,903",18.0368
2/11/2023,"28,824,558,608","11,796,755",N/E
3/11/2023,"699,106,569,791","19,107,408",17.9305
4/11/2023,"20,877,953,797","9,376,910",N/E
5/11/2023,"11,114,985,601","5,870,480",N/E
6/11/2023,"637,637,498,047","15,291,870",17.4117
7/11/2023,"508,112,681,461","10,855,465",17.5308
8/11/2023,"498,252,049,976","11,005,488",17.5097
9/11/2023,"542,369,339,150","13,222,332",17.5017
10/11/2023,"637,294,015,744","16,882,621",17.4888
11/11/2023,"21,548,857,858","7,517,290",N/E
12/11/2023,"10,425,963,467","3,378,247",N/E
13/11/2023,"644,669,431,508","11,288,713",17.748
14/11/2023,"587,684,689,327","12,574,371",17.6138
15/11/2023,"611,689,447,299","14,699,827",17.3917
16/11/2023,"620,744,736,824","13,937,949",17.3387
17/11/2023,"679,291,625,911","17,745,786",17.2708
18/11/2023,"23,783,890,697","8,215,224",N/E
19/11/2023,"11,448,140,142","3,044,163",N/E
20/11/2023,"18,683,211,014","7,541,006",N/E
21/11/2023,"881,681,636,954","35,193,022",17.2175
22/11/2023,"626,919,150,007","9,949,558",17.2102
23/11/2023,"514,705,569,073","11,863,202",17.2133
24/11/2023,"655,768,762,655","16,360,462",17.1787
25/11/2023,"21,748,951,972","7,387,984",N/E
26/11/2023,"10,769,787,765","2,783,924",N/E
27/11/2023,"708,719,480,363","10,722,539",17.1268
28/11/2023,"597,847,214,266","20,848,855",17.1555
29/11/2023,"708,549,516,466","14,449,515",17.1357
30/11/2023,"857,091,106,521","28,117,650",17.187
1/12/2023,"723,375,392,222","22,299,835",17.373
2/12/2023,"25,220,156,927","9,659,840",N/E
3/12/2023,"13,889,625,815","4,239,800",N/E
4/12/2023,"720,881,522,420","15,306,175",17.2143
5/12/2023,"599,569,657,777","18,182,419",17.406
6/12/2023,"636,831,275,897","16,558,538",17.4215
7/12/2023,"683,847,796,685","15,127,038",17.2685
8/12/2023,"711,614,879,158","23,045,842",17.4197
9/12/2023,"25,472,466,839","10,239,788",N/E
10/12/2023,"13,297,149,841","5,301,490",N/E
11/12/2023,"783,873,629,144","14,283,952",17.3688
12/12/2023,"43,833,473,434","10,531,428",N/E
13/12/2023,"827,360,800,096","13,436,580",17.447
14/12/2023,"842,120,883,997","15,886,357",17.398
15/12/2023,"900,526,384,305","24,598,714",17.299
16/12/2023,"33,262,243,923","11,443,972",N/E
17/12/2023,"16,151,327,935","4,564,244",N/E
18/12/2023,"880,594,424,104","14,187,585",17.1908
19/12/2023,"660,623,257,395","12,158,215",17.2277
20/12/2023,"756,465,125,748","12,802,575",17.0652
21/12/2023,"740,224,807,739","14,060,074",17.0673
22/12/2023,"752,497,301,404","19,178,291",17.059
23/12/2023,"30,170,093,725","9,413,015",N/E
24/12/2023,"11,956,454,425","2,721,940",N/E
25/12/2023,"4,959,303,158","2,555,007",N/E
26/12/2023,"15,923,516,545","11,399,676",16.9738
27/12/2023,"752,194,868,293","10,596,301",16.9727
28/12/2023,"845,817,386,597","24,173,545",16.922
29/12/2023,"998,685,266,284","19,916,038",16.8935
30/12/2023,"39,183,444,401","10,809,726",N/E
31/12/2023,"17,009,475,977","3,886,165",N/E
1/1/2024,"13,009,027,892","3,145,613",N/E
2/1/2024,"711,123,415,489","11,595,785",16.919
3/1/2024,"533,945,499,906","12,122,363",17.0297
4/1/2024,"530,332,720,038","12,825,666",17.0492
5/1/2024,"580,816,781,564","15,950,597",17.0458
6/1/2024,"20,565,395,156","7,563,878",N/E
7/1/2024,"10,979,975,381","3,626,094",N/E
8/1/2024,"602,990,159,242","12,711,320",16.8987
9/1/2024,"477,573,465,982","10,989,370",16.8133
10/1/2024,"536,039,231,579","14,409,026",16.9347
11/1/2024,"581,310,237,165","20,445,553",16.9912
12/1/2024,"661,578,060,120","20,411,961",16.9898
13/01/2024,"23,597,939,609","10,478,331",N/E
14/01/2024,"12,730,683,675","4,999,787",N/E
15/01/2024,"658,374,481,451","17,180,639",16.858
16/01/2024,"597,673,829,790","12,467,518",16.8983
17/01/2024,"699,698,119,495","11,817,859",17.1598
18/01/2024,"607,486,642,930","13,503,905",17.2957
19/01/2024,"589,429,237,819","16,436,650",17.1995
20/01/2024,"21,832,792,600","8,569,863",N/E
21/01/2024,"10,921,787,637","3,477,084",N/E
22/01/2024,"607,263,094,278","11,798,478",17.1325
23/01/2024,"509,155,491,218","10,339,736",17.1125
24/01/2024,"505,151,517,890","10,785,768",17.352
25/01/2024,"586,628,741,467","12,294,723",17.1673
26/01/2024,"637,279,711,962","16,753,357",17.2375
27/01/2024,"22,403,441,111","8,609,839",N/E
28/01/2024,"11,226,230,825","3,883,337",N/E
29/01/2024,"713,911,456,058","14,589,040",17.1657
30/01/2024,"680,612,617,032","13,866,359",17.2333
31/01/2024,"829,535,019,369","16,454,333",17.1932
1/2/2024,"699,001,159,382","16,443,452",17.1633
2/2/2024,"630,428,237,217","19,913,005",17.1335
3/2/2024,"23,750,763,206","10,883,586",N/E
4/2/2024,"11,518,958,905","4,629,654",N/E
5/2/2024,"19,303,144,035","10,386,684",N/E
6/2/2024,"736,561,679,473","18,547,721",17.1447
7/2/2024,"555,465,835,351","13,650,981",17.0357
8/2/2024,"598,998,038,002","14,759,360",17.0398
9/2/2024,"586,148,462,823","19,101,904",17.1023
10/2/2024,"22,823,782,981","9,561,665",N/E
11/2/2024,"11,015,006,850","3,753,695",N/E
12/2/2024,"625,834,225,144","12,720,271",17.0855
13/02/2024,"551,286,124,975","13,095,827",17.068
14/02/2024,"575,027,528,105","14,760,544",17.1982
15/02/2024,"668,368,417,159","18,358,567",17.1105
16/02/2024,"634,254,960,702","31,634,050",17.068
17/02/2024,"24,283,390,056","9,540,977",N/E
18/02/2024,"12,357,407,748","3,720,176",N/E
19/02/2024,"634,098,486,811","12,906,776",17.0602
20/02/2024,"622,183,907,473","11,292,958",17.05
21/02/2024,"546,123,709,972","23,777,542",17.0458
22/02/2024,"560,814,521,791","12,834,180",17.0603
23/02/2024,"628,425,136,724","16,068,156",17.121
24/02/2024,"22,434,967,543","6,472,709",N/E
25/02/2024,"11,569,137,699","3,595,685",N/E
26/02/2024,"655,272,055,805","12,922,832",17.126
27/02/2024,"607,277,856,288","12,621,282",17.126
28/02/2024,"671,408,799,500","14,222,511",17.0605
29/02/2024,"952,936,231,825","17,633,392",17.0962
1/3/2024,"695,188,561,215","19,779,030",17.0633
2/3/2024,"26,833,131,875","10,498,790",N/E
3/3/2024,"14,651,886,334","5,271,587",N/E
4/3/2024,"679,638,375,058","16,441,137",17.0217
5/3/2024,"566,301,738,139","15,730,167",16.9828
6/3/2024,"535,853,494,991","15,003,569",16.9257
7/3/2024,"592,882,117,527","15,611,509",16.8728
8/3/2024,"662,890,650,578","18,632,080",16.877
9/3/2024,"22,973,463,596","9,860,197",N/E
10/3/2024,"11,897,161,652","4,375,200",N/E
11/3/2024,"697,615,306,522","13,132,984",16.7985
12/3/2024,"576,185,850,167","12,520,481",16.8083
13/03/2024,"625,052,195,186","12,879,676",16.8272
14/03/2024,"656,562,746,165","15,906,068",16.7127
15/03/2024,"756,619,113,567","31,132,093",16.692
16/03/2024,"28,716,304,702","10,014,889",N/E
17/03/2024,"12,871,516,923","3,267,533",N/E
18/03/2024,"23,580,724,631","8,107,427",N/E
19/03/2024,"904,239,284,952","13,660,935",16.71
20/03/2024,"700,851,492,943","11,866,381",16.8523
21/03/2024,"647,955,906,587","13,658,392",16.759
22/03/2024,"727,582,343,541","42,766,290",16.762
23/03/2024,"25,500,340,610","7,669,611",N/E
24/03/2024,"11,959,239,862","3,569,590",N/E
25/03/2024,"814,947,319,306","11,882,173",16.7367
26/03/2024,"767,958,668,160","13,047,405",16.7032
27/03/2024,"1,119,246,563,597","17,183,226",16.678
28/03/2024,"39,595,128,380","15,427,779",N/E
29/03/2024,"22,110,241,830","6,827,038",N/E
30/03/2024,"19,108,302,892","6,491,679",N/E
31/03/2024,"14,874,539,593","5,770,074",N/E
1/4/2024,"898,910,646,813","15,775,307",16.5323
2/4/2024,"569,819,845,300","13,612,909",16.6578
3/4/2024,"546,782,649,022","12,928,926",16.5673
4/4/2024,"581,845,068,769","15,798,786",16.5415
5/4/2024,"602,680,649,391","23,749,100",16.5173
6/4/2024,"23,430,337,513","10,689,900",N/E
7/4/2024,"11,604,040,158","4,601,099",N/E
8/4/2024,"683,366,689,551","15,365,358",16.4758
9/4/2024,"544,351,348,024","12,072,266",16.3357
10/4/2024,"612,753,899,834","67,091,239",16.3932
11/4/2024,"661,416,782,766","15,426,682",16.4883
12/4/2024,"678,633,017,886","21,189,780",16.4583
13/04/2024,"26,190,598,345","10,025,977",N/E
14/04/2024,"13,945,088,275","4,209,375",N/E
15/04/2024,"757,562,838,934","17,244,593",16.6693
16/04/2024,"581,568,969,882","19,704,178",16.6815
17/04/2024,"624,775,007,227","11,894,297",17.0252
18/04/2024,"636,147,773,462","12,618,494",16.9948
19/04/2024,"634,462,516,168","19,351,137",17.1145
20/04/2024,"23,813,962,445","6,063,323",N/E
21/04/2024,"12,142,433,001","3,370,837",N/E
22/04/2024,"658,890,092,771","12,498,435",17.212
23/04/2024,"578,121,640,392","10,788,154",17.1243
24/04/2024,"527,216,350,153","11,960,680",16.9995
25/04/2024,"621,408,026,601","12,948,888",17.1098
26/04/2024,"685,839,909,720","18,813,767",17.1883
27/04/2024,"26,085,215,880","8,328,796",N/E
28/04/2024,"13,228,845,984","4,059,379",N/E
29/04/2024,"803,738,042,366","16,835,652",17.1552
30/04/2024,"901,476,794,512","15,019,921",17.0243
1/5/2024,"30,032,025,411","10,202,905",N/E
2/5/2024,"767,425,709,497","15,753,534",17.0958
3/5/2024,"625,969,499,766","20,480,321",16.9393
4/5/2024,"25,476,153,500","9,005,779",N/E
5/5/2024,"13,925,026,418","4,163,472",N/E
6/5/2024,"678,732,853,520","18,030,753",17.0042
7/5/2024,"516,739,604,468","15,910,216",16.8947
8/5/2024,"568,542,753,632","25,773,347",16.9083
9/5/2024,"591,718,582,119","26,921,466",16.9087
10/5/2024,"557,607,647,939","21,611,999",16.866
11/5/2024,"23,871,150,101","9,159,451",N/E
12/5/2024,"12,390,857,290","3,959,085",N/E
13/05/2024,"695,106,437,641","15,501,287",16.769
14/05/2024,"593,703,607,401","15,302,873",16.8072
15/05/2024,"639,462,551,958","17,394,401",16.846
16/05/2024,"636,351,211,355","23,678,423",16.6782
17/05/2024,"670,459,087,609","19,650,770",16.6893
18/05/2024,"25,400,973,986","8,960,645",N/E
19/05/2024,"13,088,326,599","3,609,577",N/E
20/05/2024,"774,220,308,378","18,170,386",16.6217
21/05/2024,"536,435,481,526","12,542,964",16.5668
22/05/2024,"526,308,051,764","11,222,565",16.6138
23/05/2024,"566,677,107,837","12,012,661",16.6405
24/05/2024,"618,144,673,980","18,894,194",16.6945
25/05/2024,"24,083,238,392","7,405,875",N/E
26/05/2024,"12,271,046,442","3,768,461",N/E
27/05/2024,"609,412,594,557","13,855,130",16.7023
28/05/2024,"615,419,192,792","14,401,197",16.6568
29/05/2024,"639,742,731,017","12,514,666",16.7457
30/05/2024,"717,169,237,683","15,916,213",16.95
31/05/2024,"923,259,863,806","21,611,002",16.9377
1/6/2024,"33,678,579,959","10,584,554",N/E
2/6/2024,"14,535,233,373","4,189,321",N/E
3/6/2024,"759,579,230,755","16,461,835",17.0177
4/6/2024,"594,362,667,892","14,513,926",17.6338
5/6/2024,"618,409,332,260","15,179,898",17.8607
6/6/2024,"641,770,548,148","17,159,858",17.5592
7/6/2024,"662,051,513,029","18,835,359",17.5335
8/6/2024,"24,413,395,295","9,108,887",N/E
9/6/2024,"12,331,543,100","4,341,075",N/E
10/6/2024,"683,617,745,780","70,196,115",18.2622
11/6/2024,"629,978,097,750","15,510,205",18.3848
12/6/2024,"591,609,875,722","12,611,441",18.4457
13/06/2024,"644,061,245,407","14,688,147",18.7832
14/06/2024,"725,186,006,744","22,133,528",18.5385
15/06/2024,"33,095,737,426","10,666,102",N/E
16/06/2024,"15,253,339,334","4,286,416",N/E
17/06/2024,"836,567,484,301","21,918,151",18.4512
18/06/2024,"611,109,297,070","12,717,592",18.5248
19/06/2024,"506,959,142,185","11,930,006",18.4128
20/06/2024,"677,875,198,109","12,548,846",18.423
21/06/2024,"637,038,589,560","18,300,429",18.4027
22/06/2024,"24,350,281,925","7,717,186",N/E
23/06/2024,"11,998,022,984","3,766,433",N/E
24/06/2024,"681,605,972,345","13,130,727",18.1848
25/06/2024,"667,533,935,953","10,970,852",17.9627
26/06/2024,"673,282,047,402","10,875,154",18.1372
27/06/2024,"761,585,344,758","11,444,738",18.2215
28/06/2024,"990,068,313,101","17,062,951",18.3773
29/06/2024,"37,838,612,191","8,369,621",N/E
30/06/2024,"19,267,230,826","4,274,617",N/E
1/7/2024,"801,337,991,344","12,352,571",18.2478
2/7/2024,"578,706,317,841","11,403,526",18.3897
3/7/2024,"610,959,829,118","12,405,957",18.2485
4/7/2024,"525,890,327,602","11,498,910",18.1355
5/7/2024,"650,315,032,220","16,055,157",18.0958
6/7/2024,"25,100,241,285","8,298,628",N/E
7/7/2024,"12,604,794,734","3,285,254",N/E
8/7/2024,"641,951,340,790","13,180,941",18.0977
9/7/2024,"544,851,305,130","10,585,294",18.0095
10/7/2024,"579,023,043,900","11,538,298",17.9428
11/7/2024,"606,140,799,577","11,637,144",17.8288
12/7/2024,"699,554,753,337","17,845,129",17.8192
13/07/2024,"28,527,268,051","7,841,884",N/E
14/07/2024,"14,503,251,154","4,000,185",N/E
15/07/2024,"784,447,982,285","14,694,874",17.6502
16/07/2024,"585,310,060,129","17,558,080",17.7837
17/07/2024,"698,070,659,986","9,749,106",17.6795
18/07/2024,"593,348,576,047","12,083,370",17.7438
19/07/2024,"592,541,435,443","14,414,727",17.8907
20/07/2024,"25,556,680,955","7,816,983",N/E
21/07/2024,"12,847,805,690","3,052,323",N/E
22/07/2024,"649,813,744,957","9,961,889",17.997
23/07/2024,"527,194,598,908","10,854,469",17.9107
24/07/2024,"537,848,447,893","10,548,735",18.0987
25/07/2024,"625,726,020,889","10,752,314",18.3458
26/07/2024,"654,049,186,639","15,357,687",18.385
27/07/2024,"25,695,643,539","7,134,503",N/E
28/07/2024,"12,676,215,589","2,871,683",N/E
29/07/2024,"697,340,427,020","12,471,001",18.4475
30/07/2024,"673,441,926,714","11,913,773",18.6818
31/07/2024,"820,501,113,436","12,399,323",18.79
1/8/2024,"639,982,298,411","13,618,108",18.597
2/8/2024,"618,188,401,139","15,554,419",18.706
3/8/2024,"26,707,101,002","8,389,674",N/E
4/8/2024,"14,296,957,624","4,293,216",N/E
5/8/2024,"683,159,207,103","12,927,639",19.0442
6/8/2024,"559,669,775,278","13,360,456",19.3905
7/8/2024,"537,455,580,388","12,075,266",19.33
8/8/2024,"548,164,888,909","20,006,987",19.189
9/8/2024,"600,088,942,057","19,285,787",19.09
10/8/2024,"25,913,105,392","7,803,817",N/E
11/8/2024,"12,402,339,834","3,176,329",N/E
12/8/2024,"628,398,216,207","12,191,780",18.8368
13/08/2024,"564,499,267,683","11,007,628",19.032
14/08/2024,"570,398,793,704","11,693,916",19.0387
15/08/2024,"655,878,753,361","15,449,813",18.8478
16/08/2024,"624,111,338,529","23,723,524",18.6513
17/08/2024,"27,592,985,204","8,280,229",N/E
18/08/2024,"14,006,808,882","3,544,599",N/E
19/08/2024,"713,040,099,823","11,914,661",18.6228
20/08/2024,"572,533,592,874","10,449,316",18.7357
21/08/2024,"556,735,549,193","9,625,895",18.9448
22/08/2024,"567,287,022,506","10,812,841",19.2535
23/08/2024,"611,235,121,519","15,190,274",19.4235
24/08/2024,"26,258,492,066","7,458,380",N/E
25/08/2024,"13,337,107,445","2,852,263",N/E
26/08/2024,"683,456,475,353","11,770,706",19.0708
27/08/2024,"558,168,948,340","9,430,626",19.382
28/08/2024,"620,145,381,201","9,801,275",19.6692
29/08/2024,"698,158,729,716","11,952,633",19.6037
30/08/2024,"905,577,193,611","16,713,881",19.8168
31/08/2024,"41,759,849,909","8,353,716",N/E
1/9/2024,"20,778,704,370","3,587,576",N/E
2/9/2024,"636,159,650,180","13,454,038",19.6535
3/9/2024,"705,945,380,474","11,115,748",19.798
4/9/2024,"556,280,227,740","11,663,650",19.8335
5/9/2024,"612,321,108,221","12,500,033",19.846
6/9/2024,"619,547,327,452","15,579,888",20.0028
7/9/2024,"25,820,472,501","7,495,674",N/E
8/9/2024,"13,361,504,042","3,099,490",N/E
9/9/2024,"613,426,510,111","12,085,586",20.0172
10/9/2024,"571,681,467,540","10,805,879",19.8798
11/9/2024,"624,860,254,663","9,799,612",20.0583
12/9/2024,"682,518,855,686","11,730,145",19.839
13/09/2024,"735,683,034,215","15,541,138",19.5887
14/09/2024,"32,997,395,303","7,565,173",N/E
15/09/2024,"16,770,936,523","2,789,508",N/E
16/09/2024,"22,308,053,625","4,867,636",N/E
17/09/2024,"924,058,137,877","37,269,121",19.2483
18/09/2024,"648,346,098,368","9,988,203",19.267
19/09/2024,"634,420,355,199","12,079,568",19.3033
20/09/2024,"646,882,673,660","13,473,077",19.2773
21/09/2024,"26,431,581,010","5,226,095",N/E
22/09/2024,"13,719,242,052","2,538,887",N/E
23/09/2024,"627,807,943,205","10,555,311",19.3725
24/09/2024,"560,810,699,188","12,326,272",19.415
25/09/2024,"625,405,071,997","9,043,433",19.3562
26/09/2024,"695,503,869,878","10,387,090",19.587
27/09/2024,"787,464,743,780","13,298,400",19.629
28/09/2024,"33,286,011,769","6,961,519",N/E
29/09/2024,"16,478,555,885","3,231,028",N/E
30/09/2024,"982,952,804,319","13,050,895",19.6697
1/10/2024,"36,417,585,442","6,861,245",N/E
2/10/2024,"748,499,633,455","11,343,435",19.644
3/10/2024,"634,184,924,082","12,095,378",19.3885
4/10/2024,"626,268,505,466","13,762,131",19.4678
5/10/2024,"28,144,166,766","7,925,623",N/E
6/10/2024,"14,384,473,785","3,622,867",N/E
7/10/2024,"623,488,886,505","11,440,413",19.2127
8/10/2024,"522,401,937,535","10,686,083",19.3388
9/10/2024,"528,441,675,568","9,501,120",19.3532
10/10/2024,"602,669,893,430","13,485,122",19.4175
11/10/2024,"661,201,297,412","13,075,775",19.5113
12/10/2024,"27,409,169,498","6,548,765",N/E
13/10/2024,"14,077,375,339","2,789,893",N/E
14/10/2024,"609,666,727,165","13,553,914",19.3983
15/10/2024,"639,272,849,430","11,960,934",19.342
16/10/2024,"579,736,175,429","46,280,322",19.62
17/10/2024,"704,394,019,595","12,021,759",19.8925
18/10/2024,"613,315,103,379","13,410,109",19.9313
19/10/2024,"27,370,214,761","6,668,351",N/E
20/10/2024,"14,416,752,104","2,871,499",N/E
21/10/2024,"623,986,161,767","10,629,527",19.8325
22/10/2024,"523,043,769,076","10,233,995",20.0075
23/10/2024,"573,369,607,038","10,446,638",19.8985
24/10/2024,"568,649,204,318","14,061,531",19.9338
25/10/2024,"642,490,946,665","12,870,736",19.8385
26/10/2024,"27,477,839,615","6,571,658",N/E
27/10/2024,"13,926,679,974","2,498,308",N/E
28/10/2024,"631,580,414,827","11,022,754",19.9303
29/10/2024,"571,258,813,757","10,127,172",20.0007
30/10/2024,"669,920,916,386","11,050,396",20.0208
31/10/2024,"923,832,271,591","11,888,188",20.1617
1/11/2024,"638,488,718,166","14,666,094",20.0378
2/11/2024,"27,275,978,348","7,776,901",N/E
3/11/2024,"17,377,058,107","4,356,992",N/E
4/11/2024,"707,498,602,838","13,455,770",20.0908
5/11/2024,"560,684,358,542","11,438,347",20.0367
6/11/2024,"552,625,339,463","11,415,377",20.2695
7/11/2024,"622,451,374,246","13,034,581",20.3093
8/11/2024,"687,356,248,950","14,939,072",19.8277
9/11/2024,"28,256,740,353","7,806,003",N/E
10/11/2024,"15,389,981,953","4,095,395",N/E
11/11/2024,"611,261,196,257","12,482,532",20.1332
12/11/2024,"631,542,934,025","8,959,786",20.4502
13/11/2024,"641,307,090,275","9,910,564",20.5693
14/11/2024,"726,441,887,386","13,944,231",20.6025
15/11/2024,"822,450,630,468","60,239,230",20.494
16/11/2024,"37,926,576,702","8,253,152",N/E
17/11/2024,"18,529,398,069","3,568,744",N/E
18/11/2024,"26,675,948,375","7,192,614",N/E
19/11/2024,"943,077,759,208","12,169,865",20.3887
20/11/2024,"650,072,033,979","9,630,864",20.1848
21/11/2024,"649,200,936,959","13,097,259",20.2903
22/11/2024,"670,056,113,910","10,569,308",20.3775
23/11/2024,"29,732,960,044","6,393,573",N/E
24/11/2024,"15,521,557,016","2,575,505",N/E
25/11/2024,"727,773,825,597","11,131,494",20.4872
26/11/2024,"659,704,415,254","9,582,770",20.2993
27/11/2024,"740,073,545,011","8,922,011",20.7185
28/11/2024,"708,981,707,521","14,025,643",20.6418
29/11/2024,"1,006,075,638,314","14,250,846",20.4173
30/11/2024,"48,998,851,636","8,259,897",N/E
1/12/2024,"25,410,347,489","4,059,826",N/E
2/12/2024,"788,484,166,723","14,023,600",20.3212
3/12/2024,"683,874,426,745","12,058,865",20.4357
4/12/2024,"686,975,955,808","12,821,245",20.3233
5/12/2024,"749,894,304,626","15,257,848",20.283
6/12/2024,"808,750,576,018","20,585,203",20.1963
7/12/2024,"34,086,960,215","8,662,759",N/E
8/12/2024,"18,167,267,327","4,099,155",N/E
9/12/2024,"834,921,675,224","13,516,457",20.2275
10/12/2024,"777,081,496,214","12,342,551",20.1547
11/12/2024,"847,314,921,168","12,518,598",20.2485
12/12/2024,"57,464,890,482","11,271,098",N/E
13/12/2024,"1,061,010,073,157","16,066,889",20.1647
14/12/2024,"44,397,954,453","9,283,085",N/E
15/12/2024,"26,376,291,915","4,613,654",N/E
16/12/2024,"936,687,317,367","13,236,947",20.142
17/12/2024,"816,559,990,890","11,885,855",20.1448
18/12/2024,"814,448,166,955","14,065,505",20.2363
19/12/2024,"881,923,870,916","13,133,430",20.1395
20/12/2024,"936,855,279,103","14,130,864",20.4402
21/12/2024,"38,574,349,362","8,659,697",N/E
22/12/2024,"20,896,179,679","3,716,616",N/E
23/12/2024,"910,504,802,426","12,359,621",20.1035
24/12/2024,"619,746,354,061","9,707,999",20.1948
25/12/2024,"13,031,519,140","2,588,485",N/E
26/12/2024,"804,753,546,383","12,140,574",20.1558
27/12/2024,"856,356,139,623","12,270,565",20.1657
28/12/2024,"37,969,429,384","8,476,135",N/E
29/12/2024,"18,634,949,671","3,793,194",N/E
30/12/2024,"1,003,208,984,056","12,949,436",20.2683
31/12/2024,"919,647,156,554","9,735,835",20.5103
1/1/2025,"19,678,116,310","3,516,681",N/E
