Date,Value
01/01/2010,13.0659
02/01/2010,N/E
03/01/2010,N/E
04/01/2010,N/E
05/01/2010,12.9226
06/01/2010,12.8241
07/01/2010,12.7489
08/01/2010,12.7646
09/01/2010,N/E
10/01/2010,N/E
11/01/2010,12.7243
12/01/2010,12.6692
13/01/2010,12.7291
14/01/2010,12.7698
15/01/2010,12.7364
16/01/2010,N/E
17/01/2010,N/E
18/01/2010,12.6884
19/01/2010,12.6664
20/01/2010,12.6478
21/01/2010,12.7388
22/01/2010,12.7720
23/01/2010,N/E
24/01/2010,N/E
25/01/2010,12.9412
26/01/2010,12.9018
27/01/2010,12.8549
28/01/2010,12.9295
29/01/2010,12.9975
30/01/2010,N/E
31/01/2010,N/E
01/02/2010,13.0098
02/02/2010,N/E
03/02/2010,12.8699
04/02/2010,12.9395
05/02/2010,13.0687
06/02/2010,N/E
07/02/2010,N/E
08/02/2010,13.1753
09/02/2010,13.1640
10/02/2010,13.0836
11/02/2010,13.0601
12/02/2010,13.0609
13/02/2010,N/E
14/02/2010,N/E
15/02/2010,12.9764
16/02/2010,12.9420
17/02/2010,12.8683
18/02/2010,12.8781
19/02/2010,12.8442
20/02/2010,N/E
21/02/2010,N/E
22/02/2010,12.8337
23/02/2010,12.8017
24/02/2010,12.8584
25/02/2010,12.8539
26/02/2010,12.8503
27/02/2010,N/E
28/02/2010,N/E
01/03/2010,12.7769
02/03/2010,12.7454
03/03/2010,12.7259
04/03/2010,12.6900
05/03/2010,12.7182
06/03/2010,N/E
07/03/2010,N/E
08/03/2010,12.6557
09/03/2010,12.6618
10/03/2010,12.6574
11/03/2010,12.6028
12/03/2010,12.6192
13/03/2010,N/E
14/03/2010,N/E
15/03/2010,12.5527
16/03/2010,N/E
17/03/2010,12.5254
18/03/2010,12.4892
19/03/2010,12.4729
20/03/2010,N/E
21/03/2010,N/E
22/03/2010,12.5796
23/03/2010,12.6052
24/03/2010,12.5284
25/03/2010,12.5381
26/03/2010,12.5009
27/03/2010,N/E
28/03/2010,N/E
29/03/2010,12.5426
30/03/2010,12.4640
31/03/2010,12.4145
01/04/2010,12.3306
02/04/2010,N/E
03/04/2010,N/E
04/04/2010,N/E
05/04/2010,N/E
06/04/2010,12.2658
07/04/2010,12.2454
08/04/2010,12.2218
09/04/2010,12.2488
10/04/2010,N/E
11/04/2010,N/E
12/04/2010,12.1997
13/04/2010,12.1808
14/04/2010,12.2122
15/04/2010,12.1827
16/04/2010,12.1934
17/04/2010,N/E
18/04/2010,N/E
19/04/2010,12.2356
20/04/2010,12.3064
21/04/2010,12.2188
22/04/2010,12.1896
23/04/2010,12.2405
24/04/2010,N/E
25/04/2010,N/E
26/04/2010,12.1973
27/04/2010,12.1575
28/04/2010,12.2278
29/04/2010,12.3698
30/04/2010,12.2465
01/05/2010,N/E
02/05/2010,N/E
03/05/2010,12.2626
04/05/2010,12.2605
05/05/2010,12.4288
06/05/2010,12.6635
07/05/2010,12.7884
08/05/2010,N/E
09/05/2010,N/E
10/05/2010,12.9179
11/05/2010,12.5297
12/05/2010,12.5025
13/05/2010,12.4351
14/05/2010,12.3501
15/05/2010,N/E
16/05/2010,N/E
17/05/2010,12.5684
18/05/2010,12.6926
19/05/2010,12.5787
20/05/2010,12.9138
21/05/2010,13.1412
22/05/2010,N/E
23/05/2010,N/E
24/05/2010,13.0338
25/05/2010,12.9588
26/05/2010,13.1819
27/05/2010,12.9955
28/05/2010,12.8846
29/05/2010,N/E
30/05/2010,N/E
31/05/2010,12.8589
01/06/2010,12.9146
02/06/2010,12.9012
03/06/2010,12.8625
04/06/2010,12.7644
05/06/2010,N/E
06/06/2010,N/E
07/06/2010,12.8603
08/06/2010,12.9202
09/06/2010,12.9288
10/06/2010,12.8093
11/06/2010,12.7441
12/06/2010,N/E
13/06/2010,N/E
14/06/2010,12.6748
15/06/2010,12.5974
16/06/2010,12.6001
17/06/2010,12.5878
18/06/2010,12.5925
19/06/2010,N/E
20/06/2010,N/E
21/06/2010,12.5400
22/06/2010,12.4604
23/06/2010,12.5246
24/06/2010,12.6984
25/06/2010,12.7141
26/06/2010,N/E
27/06/2010,N/E
28/06/2010,12.7042
29/06/2010,12.6567
30/06/2010,12.8394
01/07/2010,12.8441
02/07/2010,13.0325
03/07/2010,N/E
04/07/2010,N/E
05/07/2010,13.0590
06/07/2010,13.0953
07/07/2010,12.9308
08/07/2010,12.8975
09/07/2010,12.8232
10/07/2010,N/E
11/07/2010,N/E
12/07/2010,12.7859
13/07/2010,12.8233
14/07/2010,12.7140
15/07/2010,12.7176
16/07/2010,12.7795
17/07/2010,N/E
18/07/2010,N/E
19/07/2010,12.9013
20/07/2010,12.9162
21/07/2010,12.8549
22/07/2010,12.7798
23/07/2010,12.7560
24/07/2010,N/E
25/07/2010,N/E
26/07/2010,12.7749
27/07/2010,12.6975
28/07/2010,12.6469
29/07/2010,12.6798
30/07/2010,12.7038
31/07/2010,N/E
01/08/2010,N/E
02/08/2010,12.6455
03/08/2010,12.5728
04/08/2010,12.6048
05/08/2010,12.5535
06/08/2010,12.5367
07/08/2010,N/E
08/08/2010,N/E
09/08/2010,12.6550
10/08/2010,12.6461
11/08/2010,12.6927
12/08/2010,12.7432
13/08/2010,12.7258
14/08/2010,N/E
15/08/2010,N/E
16/08/2010,12.7256
17/08/2010,12.6458
18/08/2010,12.5944
19/08/2010,12.6073
20/08/2010,12.7226
21/08/2010,N/E
22/08/2010,N/E
23/08/2010,12.7683
24/08/2010,12.8492
25/08/2010,12.9360
26/08/2010,13.0453
27/08/2010,12.9840
28/08/2010,N/E
29/08/2010,N/E
30/08/2010,13.0148
31/08/2010,13.1367
01/09/2010,13.1676
02/09/2010,13.0538
03/09/2010,13.0550
04/09/2010,N/E
05/09/2010,N/E
06/09/2010,12.9526
07/09/2010,12.9395
08/09/2010,13.0566
09/09/2010,13.0034
10/09/2010,12.9853
11/09/2010,N/E
12/09/2010,N/E
13/09/2010,12.9616
14/09/2010,12.8729
15/09/2010,12.8355
16/09/2010,12.7793
17/09/2010,N/E
18/09/2010,N/E
19/09/2010,N/E
20/09/2010,N/E
21/09/2010,12.7623
22/09/2010,12.7594
23/09/2010,12.6886
24/09/2010,12.6422
25/09/2010,N/E
26/09/2010,N/E
27/09/2010,12.5491
28/09/2010,12.5168
29/09/2010,12.5011
30/09/2010,12.4801
01/10/2010,12.5998
02/10/2010,N/E
03/10/2010,N/E
04/10/2010,12.5511
05/10/2010,12.5875
06/10/2010,12.5099
07/10/2010,12.4779
08/10/2010,12.5277
09/10/2010,N/E
10/10/2010,N/E
11/10/2010,12.4895
12/10/2010,12.4224
13/10/2010,12.4320
14/10/2010,12.3683
15/10/2010,12.4101
16/10/2010,N/E
17/10/2010,N/E
18/10/2010,12.4276
19/10/2010,12.4135
20/10/2010,12.4818
21/10/2010,12.4117
22/10/2010,12.3613
23/10/2010,N/E
24/10/2010,N/E
25/10/2010,12.3877
26/10/2010,12.3205
27/10/2010,12.3859
28/10/2010,12.4776
29/10/2010,12.4023
30/10/2010,N/E
31/10/2010,N/E
01/11/2010,12.3387
02/11/2010,12.3452
03/11/2010,N/E
04/11/2010,12.3041
05/11/2010,12.2381
06/11/2010,N/E
07/11/2010,N/E
08/11/2010,12.2055
09/11/2010,12.2483
10/11/2010,12.2068
11/11/2010,12.2714
12/11/2010,12.2596
13/11/2010,N/E
14/11/2010,N/E
15/11/2010,12.2626
16/11/2010,N/E
17/11/2010,12.4353
18/11/2010,12.3783
19/11/2010,12.2924
20/11/2010,N/E
21/11/2010,N/E
22/11/2010,12.2996
23/11/2010,12.3090
24/11/2010,12.4577
25/11/2010,12.3912
26/11/2010,12.3669
27/11/2010,N/E
28/11/2010,N/E
29/11/2010,12.4890
30/11/2010,12.5538
01/12/2010,12.4664
02/12/2010,12.3967
03/12/2010,12.3546
04/12/2010,N/E
05/12/2010,N/E
06/12/2010,12.3597
07/12/2010,12.3884
08/12/2010,12.4123
09/12/2010,12.4484
10/12/2010,12.4586
11/12/2010,N/E
12/12/2010,N/E
13/12/2010,12.4617
14/12/2010,12.3869
15/12/2010,12.3703
16/12/2010,12.3963
17/12/2010,12.4505
18/12/2010,N/E
19/12/2010,N/E
20/12/2010,12.4345
21/12/2010,12.4170
22/12/2010,12.3720
23/12/2010,12.3379
24/12/2010,12.3332
25/12/2010,N/E
26/12/2010,N/E
27/12/2010,12.3459
28/12/2010,12.3653
29/12/2010,12.3567
30/12/2010,12.3571
31/12/2010,12.3817
01/01/2011,N/E
02/01/2011,N/E
03/01/2011,12.3496
04/01/2011,12.2574
05/01/2011,12.2619
06/01/2011,12.2064
07/01/2011,12.2256
08/01/2011,N/E
09/01/2011,N/E
10/01/2011,12.2369
11/01/2011,12.2542
12/01/2011,12.1907
13/01/2011,12.0757
14/01/2011,12.1028
15/01/2011,N/E
16/01/2011,N/E
17/01/2011,12.0871
18/01/2011,12.0299
19/01/2011,12.0261
20/01/2011,12.0744
21/01/2011,12.0903
22/01/2011,N/E
23/01/2011,N/E
24/01/2011,12.0482
25/01/2011,12.0516
26/01/2011,12.0856
27/01/2011,12.0408
28/01/2011,12.0239
29/01/2011,N/E
30/01/2011,N/E
31/01/2011,12.1214
01/02/2011,12.1519
02/02/2011,12.0170
03/02/2011,12.0190
04/02/2011,12.0499
05/02/2011,N/E
06/02/2011,N/E
07/02/2011,11.9946
08/02/2011,N/E
09/02/2011,11.9937
10/02/2011,12.0432
11/02/2011,12.0937
12/02/2011,N/E
13/02/2011,N/E
14/02/2011,12.0635
15/02/2011,12.0461
16/02/2011,12.1140
17/02/2011,12.0957
18/02/2011,12.0483
19/02/2011,N/E
20/02/2011,N/E
21/02/2011,12.0172
22/02/2011,12.0558
23/02/2011,12.0917
24/02/2011,12.1900
25/02/2011,12.1730
26/02/2011,N/E
27/02/2011,N/E
28/02/2011,12.1235
01/03/2011,12.1062
02/03/2011,12.0929
03/03/2011,12.0981
04/03/2011,12.0368
05/03/2011,N/E
06/03/2011,N/E
07/03/2011,12.0064
08/03/2011,12.0170
09/03/2011,12.0254
10/03/2011,11.9680
11/03/2011,11.9755
12/03/2011,N/E
13/03/2011,N/E
14/03/2011,11.9441
15/03/2011,11.9235
16/03/2011,12.0171
17/03/2011,12.0710
18/03/2011,12.0925
19/03/2011,N/E
20/03/2011,N/E
21/03/2011,12.0615
22/03/2011,N/E
23/03/2011,11.9885
24/03/2011,12.0004
25/03/2011,11.9555
26/03/2011,N/E
27/03/2011,N/E
28/03/2011,11.9505
29/03/2011,11.9590
30/03/2011,11.9678
31/03/2011,11.9219
01/04/2011,11.9084
02/04/2011,N/E
03/04/2011,N/E
04/04/2011,11.8412
05/04/2011,11.8533
06/04/2011,11.8322
07/04/2011,11.7836
08/04/2011,11.7931
09/04/2011,N/E
10/04/2011,N/E
11/04/2011,11.7421
12/04/2011,11.7447
13/04/2011,11.8266
14/04/2011,11.7907
15/04/2011,11.7679
16/04/2011,N/E
17/04/2011,N/E
18/04/2011,11.7090
19/04/2011,11.7783
20/04/2011,11.6925
21/04/2011,11.6252
22/04/2011,N/E
23/04/2011,N/E
24/04/2011,N/E
25/04/2011,N/E
26/04/2011,11.6294
27/04/2011,11.5824
28/04/2011,11.5868
29/04/2011,11.5428
30/04/2011,N/E
01/05/2011,N/E
02/05/2011,11.5278
03/05/2011,11.5023
04/05/2011,11.5665
05/05/2011,11.6214
06/05/2011,11.6934
07/05/2011,N/E
08/05/2011,N/E
09/05/2011,11.6090
10/05/2011,11.6410
11/05/2011,11.6009
12/05/2011,11.6075
13/05/2011,11.6656
14/05/2011,N/E
15/05/2011,N/E
16/05/2011,11.7219
17/05/2011,11.7094
18/05/2011,11.7660
19/05/2011,11.7234
20/05/2011,11.6588
21/05/2011,N/E
22/05/2011,N/E
23/05/2011,11.6467
24/05/2011,11.7292
25/05/2011,11.7032
26/05/2011,11.6948
27/05/2011,11.6956
28/05/2011,N/E
29/05/2011,N/E
30/05/2011,11.6256
31/05/2011,11.6123
01/06/2011,11.5780
02/06/2011,11.6277
03/06/2011,11.6739
04/06/2011,N/E
05/06/2011,N/E
06/06/2011,11.6689
07/06/2011,11.6983
08/06/2011,11.7196
09/06/2011,11.8001
10/06/2011,11.7965
11/06/2011,N/E
12/06/2011,N/E
13/06/2011,11.8686
14/06/2011,11.8680
15/06/2011,11.7982
16/06/2011,11.8751
17/06/2011,11.9591
18/06/2011,N/E
19/06/2011,N/E
20/06/2011,11.9006
21/06/2011,11.8916
22/06/2011,11.8130
23/06/2011,11.7789
24/06/2011,11.8816
25/06/2011,N/E
26/06/2011,N/E
27/06/2011,11.8822
28/06/2011,11.8938
29/06/2011,11.8389
30/06/2011,11.7748
01/07/2011,11.7230
02/07/2011,N/E
03/07/2011,N/E
04/07/2011,11.6368
05/07/2011,11.5925
06/07/2011,11.6194
07/07/2011,11.6544
08/07/2011,11.5738
09/07/2011,N/E
10/07/2011,N/E
11/07/2011,11.6337
12/07/2011,11.7274
13/07/2011,11.7867
14/07/2011,11.7170
15/07/2011,11.7010
16/07/2011,N/E
17/07/2011,N/E
18/07/2011,11.7178
19/07/2011,11.7877
20/07/2011,11.6964
21/07/2011,11.6638
22/07/2011,11.6174
23/07/2011,N/E
24/07/2011,N/E
25/07/2011,11.6393
26/07/2011,11.6641
27/07/2011,11.6172
28/07/2011,11.6527
29/07/2011,11.6821
30/07/2011,N/E
31/07/2011,N/E
01/08/2011,11.7425
02/08/2011,11.7514
03/08/2011,11.7657
04/08/2011,11.8473
05/08/2011,11.9523
06/08/2011,N/E
07/08/2011,N/E
08/08/2011,11.9794
09/08/2011,12.1845
10/08/2011,12.3710
11/08/2011,12.3221
12/08/2011,12.3899
13/08/2011,N/E
14/08/2011,N/E
15/08/2011,12.2992
16/08/2011,12.2424
17/08/2011,12.2631
18/08/2011,12.1651
19/08/2011,12.3685
20/08/2011,N/E
21/08/2011,N/E
22/08/2011,12.2386
23/08/2011,12.2948
24/08/2011,12.3357
25/08/2011,12.3952
26/08/2011,12.4259
27/08/2011,N/E
28/08/2011,N/E
29/08/2011,12.4953
30/08/2011,12.4148
31/08/2011,12.4838
01/09/2011,12.3480
02/09/2011,12.2616
03/09/2011,N/E
04/09/2011,N/E
05/09/2011,12.3735
06/09/2011,12.5353
07/09/2011,12.5102
08/09/2011,12.4661
09/09/2011,12.4956
10/09/2011,N/E
11/09/2011,N/E
12/09/2011,12.6324
13/09/2011,12.7687
14/09/2011,12.8994
15/09/2011,12.9646
16/09/2011,12.9127
17/09/2011,N/E
18/09/2011,N/E
19/09/2011,N/E
20/09/2011,13.1860
21/09/2011,13.1669
22/09/2011,13.4045
23/09/2011,13.8917
24/09/2011,N/E
25/09/2011,N/E
26/09/2011,13.7788
27/09/2011,13.6677
28/09/2011,13.3414
29/09/2011,13.4217
30/09/2011,13.4567
01/10/2011,N/E
02/10/2011,N/E
03/10/2011,13.7994
04/10/2011,13.8967
05/10/2011,13.9714
06/10/2011,13.6675
07/10/2011,13.5341
08/10/2011,N/E
09/10/2011,N/E
10/10/2011,13.3143
11/10/2011,13.2751
12/10/2011,13.3266
13/10/2011,13.2213
14/10/2011,13.3647
15/10/2011,N/E
16/10/2011,N/E
17/10/2011,13.2711
18/10/2011,13.2952
19/10/2011,13.4445
20/10/2011,13.3733
21/10/2011,13.6628
22/10/2011,N/E
23/10/2011,N/E
24/10/2011,13.5996
25/10/2011,13.4889
26/10/2011,13.4459
27/10/2011,13.4914
28/10/2011,13.1973
29/10/2011,N/E
30/10/2011,N/E
31/10/2011,13.1132
01/11/2011,13.1802
02/11/2011,13.6282
03/11/2011,N/E
04/11/2011,13.4128
05/11/2011,N/E
06/11/2011,N/E
07/11/2011,13.4698
08/11/2011,13.4504
09/11/2011,13.3852
10/11/2011,13.5252
11/11/2011,13.5622
12/11/2011,N/E
13/11/2011,N/E
14/11/2011,13.4165
15/11/2011,13.5122
16/11/2011,13.5672
17/11/2011,13.5847
18/11/2011,13.6375
19/11/2011,N/E
20/11/2011,N/E
21/11/2011,13.7033
22/11/2011,N/E
23/11/2011,13.9812
24/11/2011,14.1291
25/11/2011,14.1778
26/11/2011,N/E
27/11/2011,N/E
28/11/2011,14.2443
29/11/2011,14.0344
30/11/2011,13.9538
01/12/2011,13.6100
02/12/2011,13.5894
03/12/2011,N/E
04/12/2011,N/E
05/12/2011,13.5488
06/12/2011,13.4786
07/12/2011,13.4970
08/12/2011,13.5118
09/12/2011,13.6569
10/12/2011,N/E
11/12/2011,N/E
12/12/2011,13.6406
13/12/2011,N/E
14/12/2011,13.7714
15/12/2011,13.9412
16/12/2011,13.8230
17/12/2011,N/E
18/12/2011,N/E
19/12/2011,13.8450
20/12/2011,13.8542
21/12/2011,13.7720
22/12/2011,13.8526
23/12/2011,13.8169
24/12/2011,N/E
25/12/2011,N/E
26/12/2011,13.8163
27/12/2011,13.8483
28/12/2011,13.9658
29/12/2011,13.9904
30/12/2011,13.9787
31/12/2011,N/E
01/01/2012,N/E
02/01/2012,13.9476
03/01/2012,13.9342
04/01/2012,13.6882
05/01/2012,13.7144
06/01/2012,13.7409
07/01/2012,N/E
08/01/2012,N/E
09/01/2012,13.7228
10/01/2012,13.7437
11/01/2012,13.6204
12/01/2012,13.6592
13/01/2012,13.5982
14/01/2012,N/E
15/01/2012,N/E
16/01/2012,13.6263
17/01/2012,13.5401
18/01/2012,13.4621
19/01/2012,13.3267
20/01/2012,13.2516
21/01/2012,N/E
22/01/2012,N/E
23/01/2012,13.2240
24/01/2012,13.1383
25/01/2012,13.1712
26/01/2012,13.1319
27/01/2012,12.9325
28/01/2012,N/E
29/01/2012,N/E
30/01/2012,12.9504
31/01/2012,13.0063
01/02/2012,13.0077
02/02/2012,12.8900
03/02/2012,12.8038
04/02/2012,N/E
05/02/2012,N/E
06/02/2012,12.7120
07/02/2012,N/E
08/02/2012,12.6472
09/02/2012,12.6833
10/02/2012,12.7200
11/02/2012,N/E
12/02/2012,N/E
13/02/2012,12.7857
14/02/2012,12.7392
15/02/2012,12.7753
16/02/2012,12.7658
17/02/2012,12.8822
18/02/2012,N/E
19/02/2012,N/E
20/02/2012,12.7856
21/02/2012,12.6793
22/02/2012,12.7408
23/02/2012,12.8296
24/02/2012,12.8294
25/02/2012,N/E
26/02/2012,N/E
27/02/2012,12.8675
28/02/2012,12.8779
29/02/2012,12.8575
01/03/2012,12.7891
02/03/2012,12.7764
03/03/2012,N/E
04/03/2012,N/E
05/03/2012,12.7723
06/03/2012,12.8339
07/03/2012,12.9777
08/03/2012,12.9469
09/03/2012,12.7840
10/03/2012,N/E
11/03/2012,N/E
12/03/2012,12.6299
13/03/2012,12.7150
14/03/2012,12.6336
15/03/2012,12.6719
16/03/2012,12.6591
17/03/2012,N/E
18/03/2012,N/E
19/03/2012,12.6645
20/03/2012,N/E
21/03/2012,12.6935
22/03/2012,12.6833
23/03/2012,12.8330
24/03/2012,N/E
25/03/2012,N/E
26/03/2012,12.8035
27/03/2012,12.6795
28/03/2012,12.6706
29/03/2012,12.8039
30/03/2012,12.8489
31/03/2012,N/E
01/04/2012,N/E
02/04/2012,12.8093
03/04/2012,12.7691
04/04/2012,12.7317
05/04/2012,12.8155
06/04/2012,N/E
07/04/2012,N/E
08/04/2012,N/E
09/04/2012,N/E
10/04/2012,12.9902
11/04/2012,13.1568
12/04/2012,13.1324
13/04/2012,13.0736
14/04/2012,N/E
15/04/2012,N/E
16/04/2012,13.1458
17/04/2012,13.2168
18/04/2012,13.0816
19/04/2012,13.1322
20/04/2012,13.2288
21/04/2012,N/E
22/04/2012,N/E
23/04/2012,13.1171
24/04/2012,13.2087
25/04/2012,13.1392
26/04/2012,13.1667
27/04/2012,13.2093
28/04/2012,N/E
29/04/2012,N/E
30/04/2012,13.0141
01/05/2012,12.9942
02/05/2012,N/E
03/05/2012,12.9629
04/05/2012,12.9725
05/05/2012,N/E
06/05/2012,N/E
07/05/2012,13.1344
08/05/2012,13.1659
09/05/2012,13.3374
10/05/2012,13.5150
11/05/2012,13.4470
12/05/2012,N/E
13/05/2012,N/E
14/05/2012,13.4929
15/05/2012,13.6739
16/05/2012,13.7302
17/05/2012,13.7747
18/05/2012,13.7994
19/05/2012,N/E
20/05/2012,N/E
21/05/2012,13.7809
22/05/2012,13.7935
23/05/2012,13.7203
24/05/2012,14.0335
25/05/2012,14.0040
26/05/2012,N/E
27/05/2012,N/E
28/05/2012,14.0156
29/05/2012,13.9439
30/05/2012,13.9169
31/05/2012,14.0749
01/06/2012,14.3047
02/06/2012,N/E
03/06/2012,N/E
04/06/2012,14.3949
05/06/2012,14.2443
06/06/2012,14.2319
07/06/2012,14.1116
08/06/2012,13.9355
09/06/2012,N/E
10/06/2012,N/E
11/06/2012,14.0351
12/06/2012,13.9625
13/06/2012,14.0060
14/06/2012,13.9700
15/06/2012,13.9974
16/06/2012,N/E
17/06/2012,N/E
18/06/2012,13.9115
19/06/2012,13.9154
20/06/2012,13.7033
21/06/2012,13.7257
22/06/2012,13.7668
23/06/2012,N/E
24/06/2012,N/E
25/06/2012,13.8490
26/06/2012,13.9542
27/06/2012,13.8616
28/06/2012,13.6652
29/06/2012,13.6530
30/06/2012,N/E
01/07/2012,N/E
02/07/2012,13.4084
03/07/2012,13.3970
04/07/2012,13.3174
05/07/2012,13.3617
06/07/2012,13.3508
07/07/2012,N/E
08/07/2012,N/E
09/07/2012,13.4925
10/07/2012,13.4533
11/07/2012,13.2924
12/07/2012,13.3241
13/07/2012,13.4795
14/07/2012,N/E
15/07/2012,N/E
16/07/2012,13.3449
17/07/2012,13.2832
18/07/2012,13.2226
19/07/2012,13.1201
20/07/2012,13.1921
21/07/2012,N/E
22/07/2012,N/E
23/07/2012,13.2928
24/07/2012,13.5218
25/07/2012,13.6796
26/07/2012,13.6541
27/07/2012,13.4425
28/07/2012,N/E
29/07/2012,N/E
30/07/2012,13.2837
31/07/2012,13.2644
01/08/2012,13.2833
02/08/2012,13.2867
03/08/2012,13.3927
04/08/2012,N/E
05/08/2012,N/E
06/08/2012,13.1357
07/08/2012,13.0708
08/08/2012,13.1849
09/08/2012,13.1891
10/08/2012,13.1188
11/08/2012,N/E
12/08/2012,N/E
13/08/2012,13.1094
14/08/2012,13.1474
15/08/2012,13.1311
16/08/2012,13.1639
17/08/2012,13.1430
18/08/2012,N/E
19/08/2012,N/E
20/08/2012,13.1745
21/08/2012,13.1261
22/08/2012,13.0854
23/08/2012,13.1762
24/08/2012,13.1284
25/08/2012,N/E
26/08/2012,N/E
27/08/2012,13.1760
28/08/2012,13.1703
29/08/2012,13.1847
30/08/2012,13.2746
31/08/2012,13.4172
01/09/2012,N/E
02/09/2012,N/E
03/09/2012,13.2571
04/09/2012,13.1910
05/09/2012,13.1793
06/09/2012,13.1221
07/09/2012,13.0483
08/09/2012,N/E
09/09/2012,N/E
10/09/2012,12.9976
11/09/2012,12.9921
12/09/2012,12.9992
13/09/2012,13.0305
14/09/2012,12.9749
15/09/2012,N/E
16/09/2012,N/E
17/09/2012,12.7458
18/09/2012,12.7492
19/09/2012,12.8192
20/09/2012,12.8235
21/09/2012,12.9042
22/09/2012,N/E
23/09/2012,N/E
24/09/2012,12.8376
25/09/2012,12.9123
26/09/2012,12.8233
27/09/2012,12.9170
28/09/2012,12.8521
29/09/2012,N/E
30/09/2012,N/E
01/10/2012,12.8695
02/10/2012,12.8178
03/10/2012,12.8375
04/10/2012,12.8528
05/10/2012,12.7589
06/10/2012,N/E
07/10/2012,N/E
08/10/2012,12.6987
09/10/2012,12.8426
10/10/2012,12.8680
11/10/2012,12.9119
12/10/2012,12.8792
13/10/2012,N/E
14/10/2012,N/E
15/10/2012,12.8901
16/10/2012,12.8188
17/10/2012,12.8077
18/10/2012,12.7981
19/10/2012,12.8299
20/10/2012,N/E
21/10/2012,N/E
22/10/2012,12.8551
23/10/2012,12.8571
24/10/2012,12.9759
25/10/2012,12.9839
26/10/2012,12.9669
27/10/2012,N/E
28/10/2012,N/E
29/10/2012,13.0112
30/10/2012,13.0900
31/10/2012,13.0498
01/11/2012,13.0911
02/11/2012,13.0387
03/11/2012,N/E
04/11/2012,N/E
05/11/2012,N/E
06/11/2012,13.0449
07/11/2012,12.9769
08/11/2012,13.0432
09/11/2012,13.1168
10/11/2012,N/E
11/11/2012,N/E
12/11/2012,13.1789
13/11/2012,13.1975
14/11/2012,13.2284
15/11/2012,13.2353
16/11/2012,13.2522
17/11/2012,N/E
18/11/2012,N/E
19/11/2012,13.2063
20/11/2012,N/E
21/11/2012,13.0245
22/11/2012,13.0395
23/11/2012,13.0188
24/11/2012,N/E
25/11/2012,N/E
26/11/2012,12.9799
27/11/2012,12.9984
28/11/2012,12.9861
29/11/2012,13.0372
30/11/2012,12.9617
01/12/2012,N/E
02/12/2012,N/E
03/12/2012,12.9268
04/12/2012,12.9335
05/12/2012,12.9600
06/12/2012,12.9284
07/12/2012,12.9102
08/12/2012,N/E
09/12/2012,N/E
10/12/2012,12.8469
11/12/2012,12.7964
12/12/2012,12.7584
13/12/2012,N/E
14/12/2012,12.7869
15/12/2012,N/E
16/12/2012,N/E
17/12/2012,12.7768
18/12/2012,12.7624
19/12/2012,12.7236
20/12/2012,12.7327
21/12/2012,12.7777
22/12/2012,N/E
23/12/2012,N/E
24/12/2012,12.8991
25/12/2012,12.9764
26/12/2012,N/E
27/12/2012,13.0058
28/12/2012,13.0101
29/12/2012,N/E
30/12/2012,N/E
31/12/2012,12.9880
01/01/2013,12.9658
02/01/2013,N/E
03/01/2013,12.7488
04/01/2013,12.7430
05/01/2013,N/E
06/01/2013,N/E
07/01/2013,12.7597
08/01/2013,12.7679
09/01/2013,12.8015
10/01/2013,12.7503
11/01/2013,12.6555
12/01/2013,N/E
13/01/2013,N/E
14/01/2013,12.6478
15/01/2013,12.6533
16/01/2013,12.6526
17/01/2013,12.6305
18/01/2013,12.5868
19/01/2013,N/E
20/01/2013,N/E
21/01/2013,12.6555
22/01/2013,12.7098
23/01/2013,12.6817
24/01/2013,12.6616
25/01/2013,12.6286
26/01/2013,N/E
27/01/2013,N/E
28/01/2013,12.6993
29/01/2013,12.7802
30/01/2013,12.7134
31/01/2013,12.7408
01/02/2013,12.7094
02/02/2013,N/E
03/02/2013,N/E
04/02/2013,12.6377
05/02/2013,N/E
06/02/2013,12.6294
07/02/2013,12.6664
08/02/2013,12.7105
09/02/2013,N/E
10/02/2013,N/E
11/02/2013,12.7307
12/02/2013,12.7706
13/02/2013,12.7364
14/02/2013,12.7116
15/02/2013,12.6982
16/02/2013,N/E
17/02/2013,N/E
18/02/2013,12.6866
19/02/2013,12.6959
20/02/2013,12.6873
21/02/2013,12.6694
22/02/2013,12.7699
23/02/2013,N/E
24/02/2013,N/E
25/02/2013,12.7517
26/02/2013,12.7028
27/02/2013,12.8680
28/02/2013,12.8322
01/03/2013,12.7795
02/03/2013,N/E
03/03/2013,N/E
04/03/2013,12.8012
05/03/2013,12.7814
06/03/2013,12.7355
07/03/2013,12.7345
08/03/2013,12.7839
09/03/2013,N/E
10/03/2013,N/E
11/03/2013,12.6684
12/03/2013,12.5308
13/03/2013,12.4641
14/03/2013,12.3967
15/03/2013,12.4545
16/03/2013,N/E
17/03/2013,N/E
18/03/2013,12.4390
19/03/2013,N/E
20/03/2013,12.4339
21/03/2013,12.3909
22/03/2013,12.3841
23/03/2013,N/E
24/03/2013,N/E
25/03/2013,12.3724
26/03/2013,12.3579
27/03/2013,12.3546
28/03/2013,12.3612
29/03/2013,N/E
30/03/2013,N/E
31/03/2013,N/E
01/04/2013,N/E
02/04/2013,12.3438
03/04/2013,12.2728
04/04/2013,12.3266
05/04/2013,12.3197
06/04/2013,N/E
07/04/2013,N/E
08/04/2013,12.2383
09/04/2013,12.1588
10/04/2013,12.1304
11/04/2013,12.1140
12/04/2013,12.0691
13/04/2013,N/E
14/04/2013,N/E
15/04/2013,12.0824
16/04/2013,12.1729
17/04/2013,12.1668
18/04/2013,12.2370
19/04/2013,12.2479
20/04/2013,N/E
21/04/2013,N/E
22/04/2013,12.2254
23/04/2013,12.3227
24/04/2013,12.2492
25/04/2013,12.2768
26/04/2013,12.1231
27/04/2013,N/E
28/04/2013,N/E
29/04/2013,12.1550
30/04/2013,12.1326
01/05/2013,12.1456
02/05/2013,N/E
03/05/2013,12.1756
04/05/2013,N/E
05/05/2013,N/E
06/05/2013,12.0851
07/05/2013,12.1074
08/05/2013,12.0733
09/05/2013,12.0393
10/05/2013,11.9807
11/05/2013,N/E
12/05/2013,N/E
13/05/2013,12.1094
14/05/2013,12.1448
15/05/2013,12.1485
16/05/2013,12.2313
17/05/2013,12.2378
18/05/2013,N/E
19/05/2013,N/E
20/05/2013,12.3177
21/05/2013,12.3258
22/05/2013,12.3414
23/05/2013,12.3113
24/05/2013,12.4764
25/05/2013,N/E
26/05/2013,N/E
27/05/2013,12.5219
28/05/2013,12.4831
29/05/2013,12.5275
30/05/2013,12.6328
31/05/2013,12.7781
01/06/2013,N/E
02/06/2013,N/E
03/06/2013,12.8035
04/06/2013,12.7882
05/06/2013,12.7317
06/06/2013,12.8167
07/06/2013,12.9079
08/06/2013,N/E
09/06/2013,N/E
10/06/2013,12.7173
11/06/2013,12.8572
12/06/2013,12.8846
13/06/2013,12.8442
14/06/2013,12.7812
15/06/2013,N/E
16/06/2013,N/E
17/06/2013,12.6916
18/06/2013,12.7370
19/06/2013,12.8800
20/06/2013,12.8695
21/06/2013,13.4015
22/06/2013,N/E
23/06/2013,N/E
24/06/2013,13.4041
25/06/2013,13.3966
26/06/2013,13.2424
27/06/2013,13.1884
28/06/2013,13.0235
29/06/2013,N/E
30/06/2013,N/E
01/07/2013,13.0279
02/07/2013,12.9131
03/07/2013,12.9850
04/07/2013,13.0377
05/07/2013,12.8902
06/07/2013,N/E
07/07/2013,N/E
08/07/2013,13.0567
09/07/2013,12.9267
10/07/2013,12.8654
11/07/2013,12.9494
12/07/2013,12.8599
13/07/2013,N/E
14/07/2013,N/E
15/07/2013,12.8234
16/07/2013,12.7387
17/07/2013,12.6299
18/07/2013,12.5455
19/07/2013,12.4976
20/07/2013,N/E
21/07/2013,N/E
22/07/2013,12.5499
23/07/2013,12.5054
24/07/2013,12.5093
25/07/2013,12.6330
26/07/2013,12.6468
27/07/2013,N/E
28/07/2013,N/E
29/07/2013,12.7091
30/07/2013,12.7321
31/07/2013,12.7635
01/08/2013,12.8464
02/08/2013,12.8068
03/08/2013,N/E
04/08/2013,N/E
05/08/2013,12.6904
06/08/2013,12.6759
07/08/2013,12.6445
08/08/2013,12.6989
09/08/2013,12.6460
10/08/2013,N/E
11/08/2013,N/E
12/08/2013,12.5889
13/08/2013,12.5666
14/08/2013,12.7545
15/08/2013,12.7255
16/08/2013,12.8625
17/08/2013,N/E
18/08/2013,N/E
19/08/2013,12.8722
20/08/2013,13.0124
21/08/2013,13.0064
22/08/2013,13.1424
23/08/2013,13.1486
24/08/2013,N/E
25/08/2013,N/E
26/08/2013,12.9979
27/08/2013,13.1090
28/08/2013,13.3366
29/08/2013,13.2539
30/08/2013,13.3104
31/08/2013,N/E
01/09/2013,N/E
02/09/2013,13.3415
03/09/2013,13.3070
04/09/2013,13.4394
05/09/2013,13.3065
06/09/2013,13.4079
07/09/2013,N/E
08/09/2013,N/E
09/09/2013,13.2413
10/09/2013,13.1471
11/09/2013,13.1119
12/09/2013,13.0938
13/09/2013,13.0854
14/09/2013,N/E
15/09/2013,N/E
16/09/2013,13.0540
17/09/2013,N/E
18/09/2013,12.9241
19/09/2013,12.9687
20/09/2013,12.7179
21/09/2013,N/E
22/09/2013,N/E
23/09/2013,12.7685
24/09/2013,12.7846
25/09/2013,12.8754
26/09/2013,12.9530
27/09/2013,13.0119
28/09/2013,N/E
29/09/2013,N/E
30/09/2013,13.1450
01/10/2013,13.1747
02/10/2013,13.1294
03/10/2013,13.1593
04/10/2013,13.2663
05/10/2013,N/E
06/10/2013,N/E
07/10/2013,13.0976
08/10/2013,13.0959
09/10/2013,13.1417
10/10/2013,13.2126
11/10/2013,13.0913
12/10/2013,N/E
13/10/2013,N/E
14/10/2013,13.0514
15/10/2013,13.0492
16/10/2013,12.9725
17/10/2013,12.8816
18/10/2013,12.7717
19/10/2013,N/E
20/10/2013,N/E
21/10/2013,12.7988
22/10/2013,12.9314
23/10/2013,12.8713
24/10/2013,12.9433
25/10/2013,12.9916
26/10/2013,N/E
27/10/2013,N/E
28/10/2013,12.8693
29/10/2013,12.8948
30/10/2013,12.8903
31/10/2013,12.8640
01/11/2013,13.0067
02/11/2013,N/E
03/11/2013,N/E
04/11/2013,13.0789
05/11/2013,12.9869
06/11/2013,13.1341
07/11/2013,13.1388
08/11/2013,13.1912
09/11/2013,N/E
10/11/2013,N/E
11/11/2013,13.2412
12/11/2013,13.2314
13/11/2013,13.1879
14/11/2013,13.1030
15/11/2013,13.0173
16/11/2013,N/E
17/11/2013,N/E
18/11/2013,12.9524
19/11/2013,N/E
20/11/2013,12.8869
21/11/2013,12.9697
22/11/2013,13.0617
23/11/2013,N/E
24/11/2013,N/E
25/11/2013,13.0223
26/11/2013,13.0267
27/11/2013,13.0745
28/11/2013,13.0925
29/11/2013,13.0836
30/11/2013,N/E
01/12/2013,N/E
02/12/2013,13.1101
03/12/2013,13.2041
04/12/2013,13.2372
05/12/2013,13.0826
06/12/2013,13.0057
07/12/2013,N/E
08/12/2013,N/E
09/12/2013,12.9299
10/12/2013,12.8612
11/12/2013,12.8574
12/12/2013,12.9342
13/12/2013,N/E
14/12/2013,N/E
15/12/2013,N/E
16/12/2013,12.9515
17/12/2013,12.9439
18/12/2013,12.9575
19/12/2013,12.9937
20/12/2013,12.9730
21/12/2013,N/E
22/12/2013,N/E
23/12/2013,12.9574
24/12/2013,12.9610
25/12/2013,13.0200
26/12/2013,N/E
27/12/2013,13.0547
28/12/2013,N/E
29/12/2013,N/E
30/12/2013,13.0765
31/12/2013,13.0652
01/01/2014,13.0843
02/01/2014,N/E
03/01/2014,13.1011
04/01/2014,N/E
05/01/2014,N/E
06/01/2014,13.0911
07/01/2014,13.0905
08/01/2014,13.0337
09/01/2014,13.0846
10/01/2014,13.1403
11/01/2014,N/E
12/01/2014,N/E
13/01/2014,13.0065
14/01/2014,12.9889
15/01/2014,13.0956
16/01/2014,13.1689
17/01/2014,13.2907
18/01/2014,N/E
19/01/2014,N/E
20/01/2014,13.2737
21/01/2014,13.2420
22/01/2014,13.2984
23/01/2014,13.3194
24/01/2014,13.3722
25/01/2014,N/E
26/01/2014,N/E
27/01/2014,13.4930
28/01/2014,13.4408
29/01/2014,13.3104
30/01/2014,13.3671
31/01/2014,13.3207
01/02/2014,N/E
02/02/2014,N/E
03/02/2014,13.3769
04/02/2014,N/E
05/02/2014,13.3928
06/02/2014,13.3705
07/02/2014,13.2211
08/02/2014,N/E
09/02/2014,N/E
10/02/2014,13.3285
11/02/2014,13.3134
12/02/2014,13.2916
13/02/2014,13.3056
14/02/2014,13.3320
15/02/2014,N/E
16/02/2014,N/E
17/02/2014,13.2477
18/02/2014,13.1949
19/02/2014,13.2261
20/02/2014,13.2714
21/02/2014,13.2913
22/02/2014,N/E
23/02/2014,N/E
24/02/2014,13.2704
25/02/2014,13.2090
26/02/2014,13.2248
27/02/2014,13.2992
28/02/2014,13.3066
01/03/2014,N/E
02/03/2014,N/E
03/03/2014,13.2379
04/03/2014,13.3201
05/03/2014,13.2752
06/03/2014,13.2519
07/03/2014,13.1476
08/03/2014,N/E
09/03/2014,N/E
10/03/2014,13.1795
11/03/2014,13.2248
12/03/2014,13.2430
13/03/2014,13.2659
14/03/2014,13.2456
15/03/2014,N/E
16/03/2014,N/E
17/03/2014,13.2340
18/03/2014,N/E
19/03/2014,13.1675
20/03/2014,13.1695
21/03/2014,13.2703
22/03/2014,N/E
23/03/2014,N/E
24/03/2014,13.2200
25/03/2014,13.2019
26/03/2014,13.1349
27/03/2014,13.1273
28/03/2014,13.0837
29/03/2014,N/E
30/03/2014,N/E
31/03/2014,13.0841
01/04/2014,13.0549
02/04/2014,13.0313
03/04/2014,13.0991
04/04/2014,13.1324
05/04/2014,N/E
06/04/2014,N/E
07/04/2014,13.0345
08/04/2014,13.0179
09/04/2014,12.9642
10/04/2014,13.0604
11/04/2014,13.0453
12/04/2014,N/E
13/04/2014,N/E
14/04/2014,13.0788
15/04/2014,13.0493
16/04/2014,13.0986
17/04/2014,13.0603
18/04/2014,N/E
19/04/2014,N/E
20/04/2014,N/E
21/04/2014,N/E
22/04/2014,13.0413
23/04/2014,13.0448
24/04/2014,13.0908
25/04/2014,13.1010
26/04/2014,N/E
27/04/2014,N/E
28/04/2014,13.1371
29/04/2014,13.1356
30/04/2014,13.1039
01/05/2014,13.0901
02/05/2014,N/E
03/05/2014,N/E
04/05/2014,N/E
05/05/2014,12.9981
06/05/2014,13.0102
07/05/2014,13.0129
08/05/2014,12.9876
09/05/2014,12.9477
10/05/2014,N/E
11/05/2014,N/E
12/05/2014,12.9843
13/05/2014,12.9534
14/05/2014,12.9234
15/05/2014,12.8993
16/05/2014,12.9755
17/05/2014,N/E
18/05/2014,N/E
19/05/2014,12.9193
20/05/2014,12.8944
21/05/2014,12.9425
22/05/2014,12.9132
23/05/2014,12.8801
24/05/2014,N/E
25/05/2014,N/E
26/05/2014,12.8656
27/05/2014,12.8616
28/05/2014,12.8772
29/05/2014,12.8660
30/05/2014,12.8462
31/05/2014,N/E
01/06/2014,N/E
02/06/2014,12.8609
03/06/2014,12.9108
04/06/2014,12.9447
05/06/2014,12.9527
06/06/2014,12.8868
07/06/2014,N/E
08/06/2014,N/E
09/06/2014,12.8981
10/06/2014,12.9912
11/06/2014,13.0486
12/06/2014,13.0306
13/06/2014,12.9815
14/06/2014,N/E
15/06/2014,N/E
16/06/2014,13.0164
17/06/2014,13.0323
18/06/2014,13.1007
19/06/2014,13.0672
20/06/2014,12.9885
21/06/2014,N/E
22/06/2014,N/E
23/06/2014,13.0124
24/06/2014,13.0056
25/06/2014,13.0218
26/06/2014,13.0174
27/06/2014,13.0323
28/06/2014,N/E
29/06/2014,N/E
30/06/2014,13.0002
01/07/2014,12.9712
02/07/2014,12.9605
03/07/2014,12.9673
04/07/2014,12.9829
05/07/2014,N/E
06/07/2014,N/E
07/07/2014,12.9768
08/07/2014,12.9949
09/07/2014,13.0006
10/07/2014,12.9780
11/07/2014,13.0015
12/07/2014,N/E
13/07/2014,N/E
14/07/2014,12.9850
15/07/2014,12.9755
16/07/2014,12.9611
17/07/2014,12.9390
18/07/2014,12.9454
19/07/2014,N/E
20/07/2014,N/E
21/07/2014,12.9588
22/07/2014,12.9751
23/07/2014,12.9393
24/07/2014,12.9286
25/07/2014,12.9572
26/07/2014,N/E
27/07/2014,N/E
28/07/2014,12.9445
29/07/2014,12.9878
30/07/2014,13.0578
31/07/2014,13.1357
01/08/2014,13.2269
02/08/2014,N/E
03/08/2014,N/E
04/08/2014,13.1932
05/08/2014,13.1962
06/08/2014,13.2716
07/08/2014,13.2580
08/08/2014,13.2551
09/08/2014,N/E
10/08/2014,N/E
11/08/2014,13.2360
12/08/2014,13.1998
13/08/2014,13.1590
14/08/2014,13.1113
15/08/2014,13.0717
16/08/2014,N/E
17/08/2014,N/E
18/08/2014,13.0748
19/08/2014,13.0505
20/08/2014,13.0532
21/08/2014,13.0814
22/08/2014,13.0963
23/08/2014,N/E
24/08/2014,N/E
25/08/2014,13.1328
26/08/2014,13.1383
27/08/2014,13.1059
28/08/2014,13.0811
29/08/2014,13.1109
30/08/2014,N/E
31/08/2014,N/E
01/09/2014,13.0763
02/09/2014,13.0833
03/09/2014,13.1299
04/09/2014,13.0892
05/09/2014,13.0959
06/09/2014,N/E
07/09/2014,N/E
08/09/2014,13.0788
09/09/2014,13.0813
10/09/2014,13.2162
11/09/2014,13.2144
12/09/2014,13.2144
13/09/2014,N/E
14/09/2014,N/E
15/09/2014,13.2644
16/09/2014,13.2223
17/09/2014,N/E
18/09/2014,13.1762
19/09/2014,13.2402
20/09/2014,N/E
21/09/2014,N/E
22/09/2014,13.2369
23/09/2014,13.2566
24/09/2014,13.2768
25/09/2014,13.3015
26/09/2014,13.3848
27/09/2014,N/E
28/09/2014,N/E
29/09/2014,13.4541
30/09/2014,13.4891
01/10/2014,13.4330
02/10/2014,13.4455
03/10/2014,13.4026
04/10/2014,N/E
05/10/2014,N/E
06/10/2014,13.4835
07/10/2014,13.4089
08/10/2014,13.4332
09/10/2014,13.4786
10/10/2014,13.3789
11/10/2014,N/E
12/10/2014,N/E
13/10/2014,13.4331
14/10/2014,13.4203
15/10/2014,13.4094
16/10/2014,13.5423
17/10/2014,13.5616
18/10/2014,N/E
19/10/2014,N/E
20/10/2014,13.5231
21/10/2014,13.5357
22/10/2014,13.4989
23/10/2014,13.5559
24/10/2014,13.5288
25/10/2014,N/E
26/10/2014,N/E
27/10/2014,13.5263
28/10/2014,13.5701
29/10/2014,13.4843
30/10/2014,13.4239
31/10/2014,13.4316
01/11/2014,N/E
02/11/2014,N/E
03/11/2014,13.4773
04/11/2014,13.5503
05/11/2014,13.5925
06/11/2014,13.6070
07/11/2014,13.6173
08/11/2014,N/E
09/11/2014,N/E
10/11/2014,13.5573
11/11/2014,13.5528
12/11/2014,13.5874
13/11/2014,13.5613
14/11/2014,13.5995
15/11/2014,N/E
16/11/2014,N/E
17/11/2014,13.5348
18/11/2014,N/E
19/11/2014,13.5445
20/11/2014,13.6146
21/11/2014,13.6115
22/11/2014,N/E
23/11/2014,N/E
24/11/2014,13.6152
25/11/2014,13.6374
26/11/2014,13.6420
27/11/2014,13.7219
28/11/2014,13.7667
29/11/2014,N/E
30/11/2014,N/E
01/12/2014,13.8965
02/12/2014,13.9262
03/12/2014,14.0760
04/12/2014,14.0918
05/12/2014,14.1165
06/12/2014,N/E
07/12/2014,N/E
08/12/2014,14.3045
09/12/2014,14.4042
10/12/2014,14.3674
11/12/2014,14.5181
12/12/2014,14.6648
13/12/2014,N/E
14/12/2014,N/E
15/12/2014,N/E
16/12/2014,14.7853
17/12/2014,14.7499
18/12/2014,14.6028
19/12/2014,14.5562
20/12/2014,N/E
21/12/2014,N/E
22/12/2014,14.6378
23/12/2014,14.6359
24/12/2014,14.7008
25/12/2014,14.7429
26/12/2014,N/E
27/12/2014,N/E
28/12/2014,N/E
29/12/2014,14.6955
30/12/2014,14.7180
31/12/2014,14.7348
01/01/2015,N/E
02/01/2015,14.7414
03/01/2015,N/E
04/01/2015,N/E
05/01/2015,14.8290
06/01/2015,14.9469
07/01/2015,14.8479
08/01/2015,14.7936
09/01/2015,14.6274
10/01/2015,N/E
11/01/2015,N/E
12/01/2015,14.5804
13/01/2015,14.6398
14/01/2015,14.5559
15/01/2015,14.5644
16/01/2015,14.5821
17/01/2015,N/E
18/01/2015,N/E
19/01/2015,14.6223
20/01/2015,14.6524
21/01/2015,14.6484
22/01/2015,14.6983
23/01/2015,14.6120
24/01/2015,N/E
25/01/2015,N/E
26/01/2015,14.6499
27/01/2015,14.5887
28/01/2015,14.5872
29/01/2015,14.6878
30/01/2015,14.8414
31/01/2015,N/E
01/02/2015,N/E
02/02/2015,N/E
03/02/2015,14.9885
04/02/2015,14.7566
05/02/2015,14.8011
06/02/2015,14.7548
07/02/2015,N/E
08/02/2015,N/E
09/02/2015,14.9024
10/02/2015,14.8014
11/02/2015,14.9309
12/02/2015,15.1099
13/02/2015,14.9167
14/02/2015,N/E
15/02/2015,N/E
16/02/2015,14.8605
17/02/2015,14.8979
18/02/2015,14.8971
19/02/2015,14.9473
20/02/2015,14.9583
21/02/2015,N/E
22/02/2015,N/E
23/02/2015,15.0757
24/02/2015,15.0832
25/02/2015,14.9712
26/02/2015,14.9228
27/02/2015,14.9624
28/02/2015,N/E
01/03/2015,N/E
02/03/2015,14.9553
03/03/2015,14.9862
04/03/2015,14.9544
05/03/2015,15.0756
06/03/2015,15.1686
07/03/2015,N/E
08/03/2015,N/E
09/03/2015,15.4445
10/03/2015,15.4544
11/03/2015,15.5837
12/03/2015,15.4455
13/03/2015,15.4003
14/03/2015,N/E
15/03/2015,N/E
16/03/2015,N/E
17/03/2015,15.4892
18/03/2015,15.4271
19/03/2015,15.4192
20/03/2015,15.2960
21/03/2015,N/E
22/03/2015,N/E
23/03/2015,15.0317
24/03/2015,14.9644
25/03/2015,14.9347
26/03/2015,14.9524
27/03/2015,15.1056
28/03/2015,N/E
29/03/2015,N/E
30/03/2015,15.1542
31/03/2015,15.2427
01/04/2015,15.2647
02/04/2015,N/E
03/04/2015,N/E
04/04/2015,N/E
05/04/2015,N/E
06/04/2015,15.1206
07/04/2015,14.8003
08/04/2015,14.9039
09/04/2015,14.9072
10/04/2015,15.0554
11/04/2015,N/E
12/04/2015,N/E
13/04/2015,15.1706
14/04/2015,15.2947
15/04/2015,15.2339
16/04/2015,15.3891
17/04/2015,15.2455
18/04/2015,N/E
19/04/2015,N/E
20/04/2015,15.3128
21/04/2015,15.3973
22/04/2015,15.3837
23/04/2015,15.4518
24/04/2015,15.3539
25/04/2015,N/E
26/04/2015,N/E
27/04/2015,15.3834
28/04/2015,15.3213
29/04/2015,15.2225
30/04/2015,15.2043
01/05/2015,N/E
02/05/2015,N/E
03/05/2015,N/E
04/05/2015,15.3714
05/05/2015,15.4940
06/05/2015,15.3225
07/05/2015,15.2825
08/05/2015,15.3397
09/05/2015,N/E
10/05/2015,N/E
11/05/2015,15.1424
12/05/2015,15.2624
13/05/2015,15.3211
14/05/2015,15.2213
15/05/2015,15.1235
16/05/2015,N/E
17/05/2015,N/E
18/05/2015,15.0225
19/05/2015,15.1200
20/05/2015,15.2008
21/05/2015,15.2120
22/05/2015,15.2326
23/05/2015,N/E
24/05/2015,N/E
25/05/2015,15.2918
26/05/2015,15.2635
27/05/2015,15.3235
28/05/2015,15.3581
29/05/2015,15.3737
30/05/2015,N/E
31/05/2015,N/E
01/06/2015,15.3815
02/06/2015,15.4845
03/06/2015,15.4128
04/06/2015,15.4833
05/06/2015,15.5347
06/06/2015,N/E
07/06/2015,N/E
08/06/2015,15.6958
09/06/2015,15.6715
10/06/2015,15.5645
11/06/2015,15.4779
12/06/2015,15.4409
13/06/2015,N/E
14/06/2015,N/E
15/06/2015,15.4129
16/06/2015,15.4327
17/06/2015,15.4192
18/06/2015,15.4199
19/06/2015,15.2828
20/06/2015,N/E
21/06/2015,N/E
22/06/2015,15.3274
23/06/2015,15.3072
24/06/2015,15.4088
25/06/2015,15.4555
26/06/2015,15.4816
27/06/2015,N/E
28/06/2015,N/E
29/06/2015,15.5676
30/06/2015,15.6599
01/07/2015,15.6854
02/07/2015,15.7829
03/07/2015,15.6821
04/07/2015,N/E
05/07/2015,N/E
06/07/2015,15.6918
07/07/2015,15.7530
08/07/2015,15.8281
09/07/2015,15.8174
10/07/2015,15.7856
11/07/2015,N/E
12/07/2015,N/E
13/07/2015,15.7329
14/07/2015,15.7404
15/07/2015,15.6728
16/07/2015,15.7470
17/07/2015,15.8014
18/07/2015,N/E
19/07/2015,N/E
20/07/2015,15.9121
21/07/2015,15.9856
22/07/2015,15.9728
23/07/2015,16.0950
24/07/2015,16.0988
25/07/2015,N/E
26/07/2015,N/E
27/07/2015,16.2364
28/07/2015,16.2681
29/07/2015,16.2638
30/07/2015,16.2140
31/07/2015,16.4512
01/08/2015,N/E
02/08/2015,N/E
03/08/2015,16.0772
04/08/2015,16.1129
05/08/2015,16.1736
06/08/2015,16.3762
07/08/2015,16.3533
08/08/2015,N/E
09/08/2015,N/E
10/08/2015,16.1645
11/08/2015,16.1652
12/08/2015,16.3241
13/08/2015,16.2976
14/08/2015,16.3541
15/08/2015,N/E
16/08/2015,N/E
17/08/2015,16.3658
18/08/2015,16.3993
19/08/2015,16.4317
20/08/2015,16.4908
21/08/2015,16.7182
22/08/2015,N/E
23/08/2015,N/E
24/08/2015,16.9171
25/08/2015,17.0975
26/08/2015,16.9859
27/08/2015,17.1065
28/08/2015,16.8863
29/08/2015,N/E
30/08/2015,N/E
31/08/2015,16.7684
01/09/2015,16.7829
02/09/2015,16.8692
03/09/2015,16.9444
04/09/2015,16.7918
05/09/2015,N/E
06/09/2015,N/E
07/09/2015,16.8454
08/09/2015,16.9880
09/09/2015,16.7979
10/09/2015,16.7773
11/09/2015,16.8103
12/09/2015,N/E
13/09/2015,N/E
14/09/2015,16.8261
15/09/2015,16.8168
16/09/2015,N/E
17/09/2015,16.7716
18/09/2015,16.5680
19/09/2015,N/E
20/09/2015,N/E
21/09/2015,16.5390
22/09/2015,16.6865
23/09/2015,16.8713
24/09/2015,17.0453
25/09/2015,17.1149
26/09/2015,N/E
27/09/2015,N/E
28/09/2015,16.9595
29/09/2015,17.0073
30/09/2015,17.0771
01/10/2015,16.9053
02/10/2015,16.8566
03/10/2015,N/E
04/10/2015,N/E
05/10/2015,16.8162
06/10/2015,16.6941
07/10/2015,16.6878
08/10/2015,16.5762
09/10/2015,16.5464
10/10/2015,N/E
11/10/2015,N/E
12/10/2015,16.4180
13/10/2015,16.4219
14/10/2015,16.5848
15/10/2015,16.5804
16/10/2015,16.4250
17/10/2015,N/E
18/10/2015,N/E
19/10/2015,16.3959
20/10/2015,16.4899
21/10/2015,16.5618
22/10/2015,16.6600
23/10/2015,16.5284
24/10/2015,N/E
25/10/2015,N/E
26/10/2015,16.5138
27/10/2015,16.4998
28/10/2015,16.5545
29/10/2015,16.4503
30/10/2015,16.6219
31/10/2015,N/E
01/11/2015,N/E
02/11/2015,N/E
03/11/2015,16.5244
04/11/2015,16.4196
05/11/2015,16.5147
06/11/2015,16.5959
07/11/2015,N/E
08/11/2015,N/E
09/11/2015,16.8382
10/11/2015,16.8700
11/11/2015,16.7658
12/11/2015,16.7173
13/11/2015,16.7406
14/11/2015,N/E
15/11/2015,N/E
16/11/2015,N/E
17/11/2015,16.7395
18/11/2015,16.7570
19/11/2015,16.7636
20/11/2015,16.5748
21/11/2015,N/E
22/11/2015,N/E
23/11/2015,16.5120
24/11/2015,16.5306
25/11/2015,16.4705
26/11/2015,16.5548
27/11/2015,16.5492
28/11/2015,N/E
29/11/2015,N/E
30/11/2015,16.5784
01/12/2015,16.5856
02/12/2015,16.5104
03/12/2015,16.5933
04/12/2015,16.7095
05/12/2015,N/E
06/12/2015,N/E
07/12/2015,16.6757
08/12/2015,16.9044
09/12/2015,17.0164
10/12/2015,17.0160
11/12/2015,17.0750
12/12/2015,N/E
13/12/2015,N/E
14/12/2015,17.3592
15/12/2015,17.3776
16/12/2015,17.1529
17/12/2015,17.1360
18/12/2015,17.1000
19/12/2015,N/E
20/12/2015,N/E
21/12/2015,17.0139
22/12/2015,17.1034
23/12/2015,17.1847
24/12/2015,17.1953
25/12/2015,N/E
26/12/2015,N/E
27/12/2015,N/E
28/12/2015,17.2760
29/12/2015,17.2710
30/12/2015,17.2065
31/12/2015,17.3398
01/01/2016,N/E
02/01/2016,N/E
03/01/2016,N/E
04/01/2016,17.2487
05/01/2016,17.3529
06/01/2016,17.3456
07/01/2016,17.4411
08/01/2016,17.6568
09/01/2016,N/E
10/01/2016,N/E
11/01/2016,17.9283
12/01/2016,17.9304
13/01/2016,17.9119
14/01/2016,17.8500
15/01/2016,17.9121
16/01/2016,N/E
17/01/2016,N/E
18/01/2016,18.2108
19/01/2016,18.2327
20/01/2016,18.1947
21/01/2016,18.6080
22/01/2016,18.5084
23/01/2016,N/E
24/01/2016,N/E
25/01/2016,18.4280
26/01/2016,18.5352
27/01/2016,18.4715
28/01/2016,18.4530
29/01/2016,18.2906
30/01/2016,N/E
31/01/2016,N/E
01/02/2016,N/E
02/02/2016,18.1935
03/02/2016,18.4902
04/02/2016,18.4537
05/02/2016,18.1891
06/02/2016,N/E
07/02/2016,N/E
08/02/2016,18.3748
09/02/2016,18.6959
10/02/2016,18.7818
11/02/2016,18.8089
12/02/2016,19.1754
13/02/2016,N/E
14/02/2016,N/E
15/02/2016,19.0392
16/02/2016,18.8471
17/02/2016,18.8148
18/02/2016,18.3895
19/02/2016,18.1439
20/02/2016,N/E
21/02/2016,N/E
22/02/2016,18.2762
23/02/2016,18.0568
24/02/2016,18.1948
25/02/2016,18.2893
26/02/2016,18.1680
27/02/2016,N/E
28/02/2016,N/E
29/02/2016,18.1706
01/03/2016,18.1020
02/03/2016,17.9432
03/03/2016,17.8561
04/03/2016,17.8971
05/03/2016,N/E
06/03/2016,N/E
07/03/2016,17.7723
08/03/2016,17.7526
09/03/2016,17.9044
10/03/2016,17.7523
11/03/2016,17.8601
12/03/2016,N/E
13/03/2016,N/E
14/03/2016,17.7002
15/03/2016,17.7691
16/03/2016,17.9260
17/03/2016,17.9308
18/03/2016,17.4034
19/03/2016,N/E
20/03/2016,N/E
21/03/2016,N/E
22/03/2016,17.2995
23/03/2016,17.3361
24/03/2016,N/E
25/03/2016,N/E
26/03/2016,N/E
27/03/2016,N/E
28/03/2016,17.5273
29/03/2016,17.4610
30/03/2016,17.4015
31/03/2016,17.2509
01/04/2016,17.2370
02/04/2016,N/E
03/04/2016,N/E
04/04/2016,17.3338
05/04/2016,17.4484
06/04/2016,17.7252
07/04/2016,17.7286
08/04/2016,17.8930
09/04/2016,N/E
10/04/2016,N/E
11/04/2016,17.7391
12/04/2016,17.6452
13/04/2016,17.5719
14/04/2016,17.4900
15/04/2016,17.3880
16/04/2016,N/E
17/04/2016,N/E
18/04/2016,17.5669
19/04/2016,17.4598
20/04/2016,17.2825
21/04/2016,17.3078
22/04/2016,17.4202
23/04/2016,N/E
24/04/2016,N/E
25/04/2016,17.4359
26/04/2016,17.5866
27/04/2016,17.4298
28/04/2016,17.3993
29/04/2016,17.2125
30/04/2016,N/E
01/05/2016,N/E
02/05/2016,17.1767
03/05/2016,17.2279
04/05/2016,17.5234
05/05/2016,17.7358
06/05/2016,17.7866
07/05/2016,N/E
08/05/2016,N/E
09/05/2016,17.9204
10/05/2016,18.1033
11/05/2016,18.0205
12/05/2016,17.9549
13/05/2016,17.9915
14/05/2016,N/E
15/05/2016,N/E
16/05/2016,18.1562
17/05/2016,18.1795
18/05/2016,18.3217
19/05/2016,18.3761
20/05/2016,18.5465
21/05/2016,N/E
22/05/2016,N/E
23/05/2016,18.3826
24/05/2016,18.4444
25/05/2016,18.4694
26/05/2016,18.4520
27/05/2016,18.4572
28/05/2016,N/E
29/05/2016,N/E
30/05/2016,18.4527
31/05/2016,18.4777
01/06/2016,18.4118
02/06/2016,18.5299
03/06/2016,18.6097
04/06/2016,N/E
05/06/2016,N/E
06/06/2016,18.6283
07/06/2016,18.5889
08/06/2016,18.5067
09/06/2016,18.1491
10/06/2016,18.2742
11/06/2016,N/E
12/06/2016,N/E
13/06/2016,18.5046
14/06/2016,18.7915
15/06/2016,18.9814
16/06/2016,18.8672
17/06/2016,18.9968
18/06/2016,N/E
19/06/2016,N/E
20/06/2016,18.8527
21/06/2016,18.6559
22/06/2016,18.6444
23/06/2016,18.5325
24/06/2016,18.3207
25/06/2016,N/E
26/06/2016,N/E
27/06/2016,18.8716
28/06/2016,19.1283
29/06/2016,18.9113
30/06/2016,18.5550
01/07/2016,18.4646
02/07/2016,N/E
03/07/2016,N/E
04/07/2016,18.3090
05/07/2016,18.3858
06/07/2016,18.7536
07/07/2016,18.8161
08/07/2016,18.8607
09/07/2016,N/E
10/07/2016,N/E
11/07/2016,18.5991
12/07/2016,18.4597
13/07/2016,18.3006
14/07/2016,18.3937
15/07/2016,18.3061
16/07/2016,N/E
17/07/2016,N/E
18/07/2016,18.4920
19/07/2016,18.4879
20/07/2016,18.5719
21/07/2016,18.5729
22/07/2016,18.6022
23/07/2016,N/E
24/07/2016,N/E
25/07/2016,18.6089
26/07/2016,18.7569
27/07/2016,18.8114
28/07/2016,18.8602
29/07/2016,18.8979
30/07/2016,N/E
31/07/2016,N/E
01/08/2016,18.7837
02/08/2016,18.8504
03/08/2016,18.8966
04/08/2016,18.9117
05/08/2016,18.8612
06/08/2016,N/E
07/08/2016,N/E
08/08/2016,18.8691
09/08/2016,18.5716
10/08/2016,18.3842
11/08/2016,18.3479
12/08/2016,18.2678
13/08/2016,N/E
14/08/2016,N/E
15/08/2016,18.2455
16/08/2016,18.0363
17/08/2016,17.9869
18/08/2016,18.2598
19/08/2016,18.0832
20/08/2016,N/E
21/08/2016,N/E
22/08/2016,18.2674
23/08/2016,18.3023
24/08/2016,18.3202
25/08/2016,18.4971
26/08/2016,18.4460
27/08/2016,N/E
28/08/2016,N/E
29/08/2016,18.2830
30/08/2016,18.5773
31/08/2016,18.7953
01/09/2016,18.8611
02/09/2016,18.8523
03/09/2016,N/E
04/09/2016,N/E
05/09/2016,18.6589
06/09/2016,18.5581
07/09/2016,18.3524
08/09/2016,18.3689
09/09/2016,18.5427
10/09/2016,N/E
11/09/2016,N/E
12/09/2016,18.8451
13/09/2016,19.0646
14/09/2016,19.1520
15/09/2016,19.2275
16/09/2016,N/E
17/09/2016,N/E
18/09/2016,N/E
19/09/2016,19.2514
20/09/2016,19.6097
21/09/2016,19.7770
22/09/2016,19.8394
23/09/2016,19.5965
24/09/2016,N/E
25/09/2016,N/E
26/09/2016,19.7211
27/09/2016,19.8322
28/09/2016,19.5044
29/09/2016,19.5002
30/09/2016,19.4086
01/10/2016,N/E
02/10/2016,N/E
03/10/2016,19.3776
04/10/2016,19.3211
05/10/2016,19.2138
06/10/2016,19.2554
07/10/2016,19.2433
08/10/2016,N/E
09/10/2016,N/E
10/10/2016,19.2994
11/10/2016,18.8786
12/10/2016,18.9531
13/10/2016,18.9622
14/10/2016,19.0399
15/10/2016,N/E
16/10/2016,N/E
17/10/2016,19.0046
18/10/2016,18.8723
19/10/2016,18.6726
20/10/2016,18.5894
21/10/2016,18.5945
22/10/2016,N/E
23/10/2016,N/E
24/10/2016,18.6481
25/10/2016,18.5658
26/10/2016,18.5147
27/10/2016,18.6485
28/10/2016,18.8443
29/10/2016,N/E
30/10/2016,N/E
31/10/2016,18.7304
01/11/2016,18.8887
02/11/2016,N/E
03/11/2016,19.1306
04/11/2016,19.2014
05/11/2016,N/E
06/11/2016,N/E
07/11/2016,19.0792
08/11/2016,18.6192
09/11/2016,18.5089
10/11/2016,19.9250
11/11/2016,20.4812
12/11/2016,N/E
13/11/2016,N/E
14/11/2016,21.0511
15/11/2016,20.8729
16/11/2016,20.3490
17/11/2016,20.2884
18/11/2016,20.1898
19/11/2016,N/E
20/11/2016,N/E
21/11/2016,N/E
22/11/2016,20.4193
23/11/2016,20.5205
24/11/2016,20.6901
25/11/2016,20.7051
26/11/2016,N/E
27/11/2016,N/E
28/11/2016,20.6475
29/11/2016,20.5521
30/11/2016,20.6225
01/12/2016,20.5155
02/12/2016,20.7488
03/12/2016,N/E
04/12/2016,N/E
05/12/2016,20.6149
06/12/2016,20.5927
07/12/2016,20.3863
08/12/2016,20.2967
09/12/2016,20.4162
10/12/2016,N/E
11/12/2016,N/E
12/12/2016,N/E
13/12/2016,20.3305
14/12/2016,20.2567
15/12/2016,20.2226
16/12/2016,20.5973
17/12/2016,N/E
18/12/2016,N/E
19/12/2016,20.4280
20/12/2016,20.4098
21/12/2016,20.4300
22/12/2016,20.4921
23/12/2016,20.7179
24/12/2016,N/E
25/12/2016,N/E
26/12/2016,20.6271
27/12/2016,20.6445
28/12/2016,20.7052
29/12/2016,20.7314
30/12/2016,20.6640
31/12/2016,N/E
01/01/2017,N/E
02/01/2017,20.6194
03/01/2017,20.7323
04/01/2017,20.8520
05/01/2017,21.3799
06/01/2017,21.3661
07/01/2017,N/E
08/01/2017,N/E
09/01/2017,21.3144
10/01/2017,21.3219
11/01/2017,21.6168
12/01/2017,21.9076
13/01/2017,21.7204
14/01/2017,N/E
15/01/2017,N/E
16/01/2017,21.6330
17/01/2017,21.6643
18/01/2017,21.5738
19/01/2017,21.8514
20/01/2017,21.9044
21/01/2017,N/E
22/01/2017,N/E
23/01/2017,21.7002
24/01/2017,21.4512
25/01/2017,21.3692
26/01/2017,21.3439
27/01/2017,21.2024
28/01/2017,N/E
29/01/2017,N/E
30/01/2017,21.0212
31/01/2017,20.7588
01/02/2017,20.7908
02/02/2017,20.7752
03/02/2017,20.5757
04/02/2017,N/E
05/02/2017,N/E
06/02/2017,N/E
07/02/2017,20.3439
08/02/2017,20.6370
09/02/2017,20.4994
10/02/2017,20.4163
11/02/2017,N/E
12/02/2017,N/E
13/02/2017,20.3535
14/02/2017,20.3280
15/02/2017,20.3507
16/02/2017,20.3254
17/02/2017,20.3325
18/02/2017,N/E
19/02/2017,N/E
20/02/2017,20.4526
21/02/2017,20.4059
22/02/2017,20.4489
23/02/2017,19.9127
24/02/2017,19.7011
25/02/2017,N/E
26/02/2017,N/E
27/02/2017,19.8335
28/02/2017,19.8322
01/03/2017,19.9957
02/03/2017,19.9007
03/03/2017,19.9373
04/03/2017,N/E
05/03/2017,N/E
06/03/2017,19.6147
07/03/2017,19.5538
08/03/2017,19.5210
09/03/2017,19.6007
10/03/2017,19.7974
11/03/2017,N/E
12/03/2017,N/E
13/03/2017,19.6279
14/03/2017,19.5803
15/03/2017,19.6543
16/03/2017,19.4493
17/03/2017,19.1730
18/03/2017,N/E
19/03/2017,N/E
20/03/2017,N/E
21/03/2017,19.1170
22/03/2017,19.1070
23/03/2017,19.0837
24/03/2017,18.9877
25/03/2017,N/E
26/03/2017,N/E
27/03/2017,18.8528
28/03/2017,18.8661
29/03/2017,18.8853
30/03/2017,18.8092
31/03/2017,18.7079
01/04/2017,N/E
02/04/2017,N/E
03/04/2017,18.7955
04/04/2017,18.7320
05/04/2017,18.8334
06/04/2017,18.7192
07/04/2017,18.7696
08/04/2017,N/E
09/04/2017,N/E
10/04/2017,18.6560
11/04/2017,18.6923
12/04/2017,18.7646
13/04/2017,N/E
14/04/2017,N/E
15/04/2017,N/E
16/04/2017,N/E
17/04/2017,18.7528
18/04/2017,18.5582
19/04/2017,18.4863
20/04/2017,18.8374
21/04/2017,18.8187
22/04/2017,N/E
23/04/2017,N/E
24/04/2017,18.8413
25/04/2017,18.6521
26/04/2017,18.9225
27/04/2017,19.1119
28/04/2017,19.0670
29/04/2017,N/E
30/04/2017,N/E
01/05/2017,N/E
02/05/2017,18.9594
03/05/2017,18.7731
04/05/2017,18.8031
05/05/2017,19.0019
06/05/2017,N/E
07/05/2017,N/E
08/05/2017,19.0137
09/05/2017,19.1164
10/05/2017,19.1364
11/05/2017,18.9587
12/05/2017,18.9039
13/05/2017,N/E
14/05/2017,N/E
15/05/2017,18.7594
16/05/2017,18.6700
17/05/2017,18.6183
18/05/2017,18.6761
19/05/2017,18.8898
20/05/2017,N/E
21/05/2017,N/E
22/05/2017,18.6859
23/05/2017,18.6633
24/05/2017,18.6150
25/05/2017,18.5689
26/05/2017,18.4185
27/05/2017,N/E
28/05/2017,N/E
29/05/2017,18.4849
30/05/2017,18.5121
31/05/2017,18.6643
01/06/2017,18.6909
02/06/2017,18.5941
03/06/2017,N/E
04/06/2017,N/E
05/06/2017,18.6204
06/06/2017,18.3819
07/06/2017,18.2762
08/06/2017,18.2278
09/06/2017,18.1946
10/06/2017,N/E
11/06/2017,N/E
12/06/2017,18.1939
13/06/2017,18.1802
14/06/2017,18.0725
15/06/2017,17.9343
16/06/2017,18.1154
17/06/2017,N/E
18/06/2017,N/E
19/06/2017,17.9321
20/06/2017,17.9519
21/06/2017,18.1167
22/06/2017,18.1570
23/06/2017,18.1270
24/06/2017,N/E
25/06/2017,N/E
26/06/2017,17.9900
27/06/2017,17.8775
28/06/2017,17.9862
29/06/2017,17.8973
30/06/2017,18.0279
01/07/2017,N/E
02/07/2017,N/E
03/07/2017,18.0626
04/07/2017,18.2064
05/07/2017,18.2036
06/07/2017,18.3556
07/07/2017,18.3227
08/07/2017,N/E
09/07/2017,N/E
10/07/2017,18.1394
11/07/2017,17.9751
12/07/2017,17.9482
13/07/2017,17.7708
14/07/2017,17.7422
15/07/2017,N/E
16/07/2017,N/E
17/07/2017,17.5613
18/07/2017,17.5836
19/07/2017,17.5134
20/07/2017,17.4937
21/07/2017,17.5260
22/07/2017,N/E
23/07/2017,N/E
24/07/2017,17.5618
25/07/2017,17.6893
26/07/2017,17.7492
27/07/2017,17.7561
28/07/2017,17.6886
29/07/2017,N/E
30/07/2017,N/E
31/07/2017,17.7435
01/08/2017,17.8646
02/08/2017,17.8108
03/08/2017,17.8696
04/08/2017,17.8733
05/08/2017,N/E
06/08/2017,N/E
07/08/2017,17.8798
08/08/2017,17.9641
09/08/2017,17.9160
10/08/2017,17.9671
11/08/2017,17.9073
12/08/2017,N/E
13/08/2017,N/E
14/08/2017,17.8470
15/08/2017,17.7755
16/08/2017,17.8483
17/08/2017,17.7160
18/08/2017,17.7324
19/08/2017,N/E
20/08/2017,N/E
21/08/2017,17.8584
22/08/2017,17.6501
23/08/2017,17.6458
24/08/2017,17.7113
25/08/2017,17.6977
26/08/2017,N/E
27/08/2017,N/E
28/08/2017,17.6205
29/08/2017,17.8049
30/08/2017,17.8760
31/08/2017,17.7753
01/09/2017,17.8145
02/09/2017,N/E
03/09/2017,N/E
04/09/2017,17.7861
05/09/2017,17.8683
06/09/2017,17.8360
07/09/2017,17.8136
08/09/2017,17.6965
09/09/2017,N/E
10/09/2017,N/E
11/09/2017,17.7331
12/09/2017,17.6443
13/09/2017,17.7810
14/09/2017,17.7836
15/09/2017,17.7278
16/09/2017,N/E
17/09/2017,N/E
18/09/2017,17.6857
19/09/2017,17.7610
20/09/2017,17.7643
21/09/2017,17.7009
22/09/2017,17.8545
23/09/2017,N/E
24/09/2017,N/E
25/09/2017,17.7487
26/09/2017,17.8831
27/09/2017,17.9933
28/09/2017,18.1300
29/09/2017,18.1979
30/09/2017,N/E
01/10/2017,N/E
02/10/2017,18.1590
03/10/2017,18.2337
04/10/2017,18.2113
05/10/2017,18.2282
06/10/2017,18.3060
07/10/2017,N/E
08/10/2017,N/E
09/10/2017,18.5522
10/10/2017,18.6646
11/10/2017,18.6327
12/10/2017,18.7180
13/10/2017,18.7631
14/10/2017,N/E
15/10/2017,N/E
16/10/2017,18.9008
17/10/2017,19.0753
18/10/2017,19.0117
19/10/2017,18.8869
20/10/2017,18.8248
21/10/2017,N/E
22/10/2017,N/E
23/10/2017,19.0080
24/10/2017,19.0489
25/10/2017,19.2009
26/10/2017,19.0770
27/10/2017,19.0960
28/10/2017,N/E
29/10/2017,N/E
30/10/2017,19.1474
31/10/2017,19.2188
01/11/2017,19.1478
02/11/2017,N/E
03/11/2017,19.1241
04/11/2017,N/E
05/11/2017,N/E
06/11/2017,19.1850
07/11/2017,19.0814
08/11/2017,19.1349
09/11/2017,19.0718
10/11/2017,19.0900
11/11/2017,N/E
12/11/2017,N/E
13/11/2017,19.0526
14/11/2017,19.1680
15/11/2017,19.1334
16/11/2017,19.2268
17/11/2017,19.1224
18/11/2017,N/E
19/11/2017,N/E
20/11/2017,N/E
21/11/2017,18.9724
22/11/2017,18.8242
23/11/2017,18.7400
24/11/2017,18.6041
25/11/2017,N/E
26/11/2017,N/E
27/11/2017,18.5379
28/11/2017,18.5200
29/11/2017,18.5848
30/11/2017,18.5190
01/12/2017,18.6229
02/12/2017,N/E
03/12/2017,N/E
04/12/2017,18.6399
05/12/2017,18.6420
06/12/2017,18.6958
07/12/2017,18.8897
08/12/2017,18.9315
09/12/2017,N/E
10/12/2017,N/E
11/12/2017,18.9445
12/12/2017,N/E
13/12/2017,18.9740
14/12/2017,19.1391
15/12/2017,19.1202
16/12/2017,N/E
17/12/2017,N/E
18/12/2017,19.1289
19/12/2017,19.0289
20/12/2017,19.1913
21/12/2017,19.2291
22/12/2017,19.3962
23/12/2017,N/E
24/12/2017,N/E
25/12/2017,N/E
26/12/2017,19.5848
27/12/2017,19.7223
28/12/2017,19.7867
29/12/2017,19.7354
30/12/2017,N/E
31/12/2017,N/E
01/01/2018,N/E
02/01/2018,19.6629
03/01/2018,19.4899
04/01/2018,19.3717
05/01/2018,19.2427
06/01/2018,N/E
07/01/2018,N/E
08/01/2018,19.2737
09/01/2018,19.2323
10/01/2018,19.3065
11/01/2018,19.2405
12/01/2018,19.3433
13/01/2018,N/E
14/01/2018,N/E
15/01/2018,19.0446
16/01/2018,18.8113
17/01/2018,18.8362
18/01/2018,18.6550
19/01/2018,18.6361
20/01/2018,N/E
21/01/2018,N/E
22/01/2018,18.5813
23/01/2018,18.7118
24/01/2018,18.7980
25/01/2018,18.5178
26/01/2018,18.4780
27/01/2018,N/E
28/01/2018,N/E
29/01/2018,18.4672
30/01/2018,18.6196
31/01/2018,18.6982
01/02/2018,18.6069
02/02/2018,18.4004
03/02/2018,N/E
04/02/2018,N/E
05/02/2018,N/E
06/02/2018,18.5248
07/02/2018,18.7009
08/02/2018,18.6492
09/02/2018,18.8815
10/02/2018,N/E
11/02/2018,N/E
12/02/2018,18.8623
13/02/2018,18.6703
14/02/2018,18.6269
15/02/2018,18.6025
16/02/2018,18.5159
17/02/2018,N/E
18/02/2018,N/E
19/02/2018,18.4797
20/02/2018,18.5360
21/02/2018,18.6594
22/02/2018,18.6518
23/02/2018,18.6574
24/02/2018,N/E
25/02/2018,N/E
26/02/2018,18.5659
27/02/2018,18.6456
28/02/2018,18.7902
01/03/2018,18.8331
02/03/2018,18.8610
03/03/2018,N/E
04/03/2018,N/E
05/03/2018,18.8909
06/03/2018,18.8838
07/03/2018,18.7246
08/03/2018,18.7922
09/03/2018,18.7148
10/03/2018,N/E
11/03/2018,N/E
12/03/2018,18.5812
13/03/2018,18.6199
14/03/2018,18.5604
15/03/2018,18.5854
16/03/2018,18.7023
17/03/2018,N/E
18/03/2018,N/E
19/03/2018,N/E
20/03/2018,18.7216
21/03/2018,18.7614
22/03/2018,18.6001
23/03/2018,18.5078
24/03/2018,N/E
25/03/2018,N/E
26/03/2018,18.5364
27/03/2018,18.3268
28/03/2018,18.3445
29/03/2018,N/E
30/03/2018,N/E
31/03/2018,N/E
01/04/2018,N/E
02/04/2018,18.2709
03/04/2018,18.2967
04/04/2018,18.2044
05/04/2018,18.2244
06/04/2018,18.1081
07/04/2018,N/E
08/04/2018,N/E
09/04/2018,18.2888
10/04/2018,18.2753
11/04/2018,18.2882
12/04/2018,18.2018
13/04/2018,18.1353
14/04/2018,N/E
15/04/2018,N/E
16/04/2018,18.0870
17/04/2018,18.0394
18/04/2018,17.9787
19/04/2018,18.0333
20/04/2018,18.2819
21/04/2018,N/E
22/04/2018,N/E
23/04/2018,18.6210
24/04/2018,18.8628
25/04/2018,18.8139
26/04/2018,19.0530
27/04/2018,18.8644
28/04/2018,N/E
29/04/2018,N/E
30/04/2018,18.6847
01/05/2018,N/E
02/05/2018,18.7878
03/05/2018,19.0943
04/05/2018,19.1223
05/05/2018,N/E
06/05/2018,N/E
07/05/2018,19.2017
08/05/2018,19.4232
09/05/2018,19.5781
10/05/2018,19.5387
11/05/2018,19.2989
12/05/2018,N/E
13/05/2018,N/E
14/05/2018,19.3539
15/05/2018,19.5214
16/05/2018,19.7854
17/05/2018,19.7094
18/05/2018,19.7033
19/05/2018,N/E
20/05/2018,N/E
21/05/2018,19.9319
22/05/2018,19.9054
23/05/2018,19.7528
24/05/2018,19.7661
25/05/2018,19.7048
26/05/2018,N/E
27/05/2018,N/E
28/05/2018,19.5608
29/05/2018,19.5915
30/05/2018,19.7499
31/05/2018,19.7322
01/06/2018,19.9759
02/06/2018,N/E
03/06/2018,N/E
04/06/2018,19.8662
05/06/2018,19.9934
06/06/2018,20.3863
07/06/2018,20.3129
08/06/2018,20.4600
09/06/2018,N/E
10/06/2018,N/E
11/06/2018,20.5281
12/06/2018,20.4722
13/06/2018,20.5960
14/06/2018,20.6259
15/06/2018,20.6953
16/06/2018,N/E
17/06/2018,N/E
18/06/2018,20.7160
19/06/2018,20.6968
20/06/2018,20.5531
21/06/2018,20.3937
22/06/2018,20.3689
23/06/2018,N/E
24/06/2018,N/E
25/06/2018,20.1264
26/06/2018,20.0908
27/06/2018,19.8754
28/06/2018,20.0553
29/06/2018,19.8633
30/06/2018,N/E
01/07/2018,N/E
02/07/2018,19.6912
03/07/2018,20.1453
04/07/2018,19.5974
05/07/2018,19.4284
06/07/2018,19.2513
07/07/2018,N/E
08/07/2018,N/E
09/07/2018,19.0719
10/07/2018,19.1563
11/07/2018,19.0559
12/07/2018,18.9632
13/07/2018,18.8241
14/07/2018,N/E
15/07/2018,N/E
16/07/2018,18.8854
17/07/2018,18.8360
18/07/2018,18.8763
19/07/2018,18.9100
20/07/2018,19.0790
21/07/2018,N/E
22/07/2018,N/E
23/07/2018,19.0694
24/07/2018,19.0761
25/07/2018,18.8506
26/07/2018,18.7709
27/07/2018,18.6234
28/07/2018,N/E
29/07/2018,N/E
30/07/2018,18.5515
31/07/2018,18.5413
01/08/2018,18.6457
02/08/2018,18.5899
03/08/2018,18.6349
04/08/2018,N/E
05/08/2018,N/E
06/08/2018,18.5725
07/08/2018,18.5433
08/08/2018,18.4631
09/08/2018,18.4542
10/08/2018,18.6511
11/08/2018,N/E
12/08/2018,N/E
13/08/2018,18.9273
14/08/2018,19.1801
15/08/2018,18.9973
16/08/2018,19.2339
17/08/2018,19.0100
18/08/2018,N/E
19/08/2018,N/E
20/08/2018,19.0615
21/08/2018,19.0305
22/08/2018,18.8784
23/08/2018,18.8176
24/08/2018,18.8672
25/08/2018,N/E
26/08/2018,N/E
27/08/2018,18.8339
28/08/2018,18.6697
29/08/2018,18.9354
30/08/2018,19.0659
31/08/2018,19.1258
01/09/2018,N/E
02/09/2018,N/E
03/09/2018,19.1792
04/09/2018,19.2137
05/09/2018,19.3609
06/09/2018,19.4433
07/09/2018,19.3546
08/09/2018,N/E
09/09/2018,N/E
10/09/2018,19.2394
11/09/2018,19.2989
12/09/2018,19.2680
13/09/2018,19.0511
14/09/2018,18.8775
15/09/2018,N/E
16/09/2018,N/E
17/09/2018,18.8689
18/09/2018,18.8399
19/09/2018,18.7694
20/09/2018,18.7672
21/09/2018,18.8296
22/09/2018,N/E
23/09/2018,N/E
24/09/2018,18.8539
25/09/2018,18.8516
26/09/2018,18.9870
27/09/2018,18.8986
28/09/2018,18.8120
29/09/2018,N/E
30/09/2018,N/E
01/10/2018,18.7231
02/10/2018,18.6531
03/10/2018,18.7503
04/10/2018,18.8014
05/10/2018,19.1328
06/10/2018,N/E
07/10/2018,N/E
08/10/2018,18.9444
09/10/2018,18.9234
10/10/2018,19.0000
11/10/2018,19.1183
12/10/2018,19.0217
13/10/2018,N/E
14/10/2018,N/E
15/10/2018,18.9202
16/10/2018,18.8096
17/10/2018,18.7693
18/10/2018,18.8012
19/10/2018,19.1018
20/10/2018,N/E
21/10/2018,N/E
22/10/2018,19.2183
23/10/2018,19.3669
24/10/2018,19.4169
25/10/2018,19.4623
26/10/2018,19.4383
27/10/2018,N/E
28/10/2018,N/E
29/10/2018,19.4790
30/10/2018,19.8022
31/10/2018,20.0258
01/11/2018,20.3177
02/11/2018,N/E
03/11/2018,N/E
04/11/2018,N/E
05/11/2018,20.1329
06/11/2018,19.9636
07/11/2018,19.8609
08/11/2018,19.8245
09/11/2018,20.0438
10/11/2018,N/E
11/11/2018,N/E
12/11/2018,20.3614
13/11/2018,20.3179
14/11/2018,20.5158
15/11/2018,20.3979
16/11/2018,20.3371
17/11/2018,N/E
18/11/2018,N/E
19/11/2018,N/E
20/11/2018,20.1550
21/11/2018,20.4123
22/11/2018,20.2023
23/11/2018,20.2984
24/11/2018,N/E
25/11/2018,N/E
26/11/2018,20.3935
27/11/2018,20.5304
28/11/2018,20.4977
29/11/2018,20.4108
30/11/2018,20.2217
01/12/2018,N/E
02/12/2018,N/E
03/12/2018,20.3455
04/12/2018,20.2346
05/12/2018,20.5123
06/12/2018,20.5672
07/12/2018,20.4705
08/12/2018,N/E
09/12/2018,N/E
10/12/2018,20.2609
11/12/2018,20.3621
12/12/2018,N/E
13/12/2018,20.2889
14/12/2018,20.2566
15/12/2018,N/E
16/12/2018,N/E
17/12/2018,20.3337
18/12/2018,20.1126
19/12/2018,20.1277
20/12/2018,20.0293
21/12/2018,19.9082
22/12/2018,N/E
23/12/2018,N/E
24/12/2018,19.9275
25/12/2018,N/E
26/12/2018,19.8473
27/12/2018,19.8823
28/12/2018,19.6829
29/12/2018,N/E
30/12/2018,N/E
31/12/2018,19.6566
01/01/2019,N/E
02/01/2019,19.6512
03/01/2019,19.5878
04/01/2019,19.6073
05/01/2019,N/E
06/01/2019,N/E
07/01/2019,19.4902
08/01/2019,19.3208
09/01/2019,19.3479
10/01/2019,19.2456
11/01/2019,19.1714
12/01/2019,N/E
13/01/2019,N/E
14/01/2019,19.1236
15/01/2019,19.0064
16/01/2019,19.0457
17/01/2019,18.9908
18/01/2019,19.0630
19/01/2019,N/E
20/01/2019,N/E
21/01/2019,19.0844
22/01/2019,19.1902
23/01/2019,19.1297
24/01/2019,19.0771
25/01/2019,18.9859
26/01/2019,N/E
27/01/2019,N/E
28/01/2019,18.9280
29/01/2019,19.0381
30/01/2019,18.9972
31/01/2019,19.1623
01/02/2019,19.0388
02/02/2019,N/E
03/02/2019,N/E
04/02/2019,N/E
05/02/2019,19.1098
06/02/2019,19.0824
07/02/2019,19.1058
08/02/2019,19.0800
09/02/2019,N/E
10/02/2019,N/E
11/02/2019,19.0893
12/02/2019,19.2524
13/02/2019,19.2592
14/02/2019,19.4084
15/02/2019,19.3569
16/02/2019,N/E
17/02/2019,N/E
18/02/2019,19.3625
19/02/2019,19.2578
20/02/2019,19.1778
21/02/2019,19.1835
22/02/2019,19.2652
23/02/2019,N/E
24/02/2019,N/E
25/02/2019,19.1394
26/02/2019,19.1185
27/02/2019,19.1630
28/02/2019,19.2201
01/03/2019,19.2607
02/03/2019,N/E
03/03/2019,N/E
04/03/2019,19.2978
05/03/2019,19.3039
06/03/2019,19.2597
07/03/2019,19.3708
08/03/2019,19.5225
09/03/2019,N/E
10/03/2019,N/E
11/03/2019,19.4902
12/03/2019,19.4243
13/03/2019,19.3049
14/03/2019,19.3320
15/03/2019,19.3233
16/03/2019,N/E
17/03/2019,N/E
18/03/2019,N/E
19/03/2019,19.2176
20/03/2019,19.0004
21/03/2019,18.9098
22/03/2019,18.8694
23/03/2019,N/E
24/03/2019,N/E
25/03/2019,19.1369
26/03/2019,19.0151
27/03/2019,19.0989
28/03/2019,19.3201
29/03/2019,19.3793
30/03/2019,N/E
31/03/2019,N/E
01/04/2019,19.3779
02/04/2019,19.2169
03/04/2019,19.2279
04/04/2019,19.1805
05/04/2019,19.1728
06/04/2019,N/E
07/04/2019,N/E
08/04/2019,19.0805
09/04/2019,18.9701
10/04/2019,18.9229
11/04/2019,18.8360
12/04/2019,18.8432
13/04/2019,N/E
14/04/2019,N/E
15/04/2019,18.7719
16/04/2019,18.8489
17/04/2019,18.9516
18/04/2019,N/E
19/04/2019,N/E
20/04/2019,N/E
21/04/2019,N/E
22/04/2019,18.8480
23/04/2019,18.8359
24/04/2019,18.9578
25/04/2019,19.0046
26/04/2019,19.0942
27/04/2019,N/E
28/04/2019,N/E
29/04/2019,18.9414
30/04/2019,19.0120
01/05/2019,N/E
02/05/2019,19.0099
03/05/2019,19.1014
04/05/2019,N/E
05/05/2019,N/E
06/05/2019,19.0012
07/05/2019,18.9781
08/05/2019,19.0499
09/05/2019,19.0837
10/05/2019,19.2623
11/05/2019,N/E
12/05/2019,N/E
13/05/2019,19.1374
14/05/2019,19.1928
15/05/2019,19.1427
16/05/2019,19.1236
17/05/2019,19.0710
18/05/2019,N/E
19/05/2019,N/E
20/05/2019,19.1454
21/05/2019,19.0908
22/05/2019,19.0309
23/05/2019,18.9755
24/05/2019,19.0122
25/05/2019,N/E
26/05/2019,N/E
27/05/2019,19.0658
28/05/2019,19.0521
29/05/2019,19.1652
30/05/2019,19.2395
31/05/2019,19.0683
01/06/2019,N/E
02/06/2019,N/E
03/06/2019,19.6426
04/06/2019,19.7609
05/06/2019,19.6007
06/06/2019,19.5418
07/06/2019,19.7084
08/06/2019,N/E
09/06/2019,N/E
10/06/2019,19.6528
11/06/2019,19.2040
12/06/2019,19.1222
13/06/2019,19.1383
14/06/2019,19.1645
15/06/2019,N/E
16/06/2019,N/E
17/06/2019,19.1487
18/06/2019,19.1924
19/06/2019,19.1011
20/06/2019,19.1753
21/06/2019,18.9804
22/06/2019,N/E
23/06/2019,N/E
24/06/2019,19.0661
25/06/2019,19.1833
26/06/2019,19.2271
27/06/2019,19.1442
28/06/2019,19.1685
29/06/2019,N/E
30/06/2019,N/E
01/07/2019,19.2087
02/07/2019,19.0760
03/07/2019,19.0694
04/07/2019,19.0502
05/07/2019,18.9947
06/07/2019,N/E
07/07/2019,N/E
08/07/2019,19.0446
09/07/2019,18.9116
10/07/2019,19.0043
11/07/2019,19.2425
12/07/2019,19.1227
13/07/2019,N/E
14/07/2019,N/E
15/07/2019,19.0307
16/07/2019,18.9803
17/07/2019,19.0781
18/07/2019,19.0233
19/07/2019,19.0108
20/07/2019,N/E
21/07/2019,N/E
22/07/2019,19.0123
23/07/2019,19.0659
24/07/2019,19.1315
25/07/2019,19.0894
26/07/2019,19.0623
27/07/2019,N/E
28/07/2019,N/E
29/07/2019,19.0699
30/07/2019,19.0900
31/07/2019,19.0747
01/08/2019,18.9929
02/08/2019,19.1627
03/08/2019,N/E
04/08/2019,N/E
05/08/2019,19.3116
06/08/2019,19.5731
07/08/2019,19.6291
08/08/2019,19.6953
09/08/2019,19.5118
10/08/2019,N/E
11/08/2019,N/E
12/08/2019,19.4283
13/08/2019,19.5803
14/08/2019,19.4630
15/08/2019,19.5763
16/08/2019,19.6365
17/08/2019,N/E
18/08/2019,N/E
19/08/2019,19.5669
20/08/2019,19.8153
21/08/2019,19.7522
22/08/2019,19.6798
23/08/2019,19.7467
24/08/2019,N/E
25/08/2019,N/E
26/08/2019,19.8402
27/08/2019,19.9086
28/08/2019,19.9934
29/08/2019,20.0314
30/08/2019,20.0988
31/08/2019,N/E
01/09/2019,N/E
02/09/2019,20.0696
03/09/2019,20.1253
04/09/2019,20.0039
05/09/2019,19.7806
06/09/2019,19.6834
07/09/2019,N/E
08/09/2019,N/E
09/09/2019,19.5623
10/09/2019,19.5398
11/09/2019,19.5354
12/09/2019,19.5478
13/09/2019,19.4265
14/09/2019,N/E
15/09/2019,N/E
16/09/2019,N/E
17/09/2019,19.3665
18/09/2019,19.4262
19/09/2019,19.3528
20/09/2019,19.3981
21/09/2019,N/E
22/09/2019,N/E
23/09/2019,19.4478
24/09/2019,19.4459
25/09/2019,19.4587
26/09/2019,19.5775
27/09/2019,19.6363
28/09/2019,N/E
29/09/2019,N/E
30/09/2019,19.6808
01/10/2019,19.7345
02/10/2019,19.7792
03/10/2019,19.7985
04/10/2019,19.7368
05/10/2019,N/E
06/10/2019,N/E
07/10/2019,19.5255
08/10/2019,19.5522
09/10/2019,19.5840
10/10/2019,19.5689
11/10/2019,19.4764
12/10/2019,N/E
13/10/2019,N/E
14/10/2019,19.3217
15/10/2019,19.2652
16/10/2019,19.2520
17/10/2019,19.2135
18/10/2019,19.1602
19/10/2019,N/E
20/10/2019,N/E
21/10/2019,19.1492
22/10/2019,19.1422
23/10/2019,19.1050
24/10/2019,19.1258
25/10/2019,19.0878
26/10/2019,N/E
27/10/2019,N/E
28/10/2019,19.0820
29/10/2019,19.0543
30/10/2019,19.1167
31/10/2019,19.1643
01/11/2019,19.1948
02/11/2019,N/E
03/11/2019,N/E
04/11/2019,19.1058
05/11/2019,19.1525
06/11/2019,19.2125
07/11/2019,19.1953
08/11/2019,19.1327
09/11/2019,N/E
10/11/2019,N/E
11/11/2019,19.1068
12/11/2019,19.1090
13/11/2019,19.2178
14/11/2019,19.4543
15/11/2019,19.4228
16/11/2019,N/E
17/11/2019,N/E
18/11/2019,N/E
19/11/2019,19.2063
20/11/2019,19.3687
21/11/2019,19.4800
22/11/2019,19.4138
23/11/2019,N/E
24/11/2019,N/E
25/11/2019,19.3987
26/11/2019,19.4468
27/11/2019,19.5185
28/11/2019,19.5607
29/11/2019,19.6113
30/11/2019,N/E
01/12/2019,N/E
02/12/2019,19.5352
03/12/2019,19.5717
04/12/2019,19.5678
05/12/2019,19.4707
06/12/2019,19.3688
07/12/2019,N/E
08/12/2019,N/E
09/12/2019,19.3247
10/12/2019,19.2302
11/12/2019,19.2362
12/12/2019,N/E
13/12/2019,19.1785
14/12/2019,N/E
15/12/2019,N/E
16/12/2019,19.0455
17/12/2019,18.9702
18/12/2019,18.9165
19/12/2019,18.9542
20/12/2019,18.9640
21/12/2019,N/E
22/12/2019,N/E
23/12/2019,18.9133
24/12/2019,18.9385
25/12/2019,N/E
26/12/2019,18.9643
27/12/2019,18.9445
28/12/2019,N/E
29/12/2019,N/E
30/12/2019,18.8452
31/12/2019,18.8727
01/01/2020,N/E
02/01/2020,18.8642
03/01/2020,18.8817
04/01/2020,N/E
05/01/2020,N/E
06/01/2020,18.8673
07/01/2020,18.8270
08/01/2020,18.8852
09/01/2020,18.7980
10/01/2020,18.8453
11/01/2020,N/E
12/01/2020,N/E
13/01/2020,18.7732
14/01/2020,18.8215
15/01/2020,18.8120
16/01/2020,18.8077
17/01/2020,18.7930
18/01/2020,N/E
19/01/2020,N/E
20/01/2020,18.7388
21/01/2020,18.6725
22/01/2020,18.7007
23/01/2020,18.6883
24/01/2020,18.8018
25/01/2020,N/E
26/01/2020,N/E
27/01/2020,18.8313
28/01/2020,18.9407
29/01/2020,18.8022
30/01/2020,18.7067
31/01/2020,18.7853
01/02/2020,N/E
02/02/2020,N/E
03/02/2020,N/E
04/02/2020,18.9082
05/02/2020,18.6797
06/02/2020,18.6245
07/02/2020,18.6645
08/02/2020,N/E
09/02/2020,N/E
10/02/2020,18.7763
11/02/2020,18.7653
12/02/2020,18.6740
13/02/2020,18.6308
14/02/2020,18.6458
15/02/2020,N/E
16/02/2020,N/E
17/02/2020,18.5712
18/02/2020,18.5715
19/02/2020,18.5952
20/02/2020,18.5910
21/02/2020,18.7992
22/02/2020,N/E
23/02/2020,N/E
24/02/2020,18.9138
25/02/2020,19.1197
26/02/2020,19.0878
27/02/2020,19.1585
28/02/2020,19.3973
29/02/2020,N/E
01/03/2020,N/E
02/03/2020,19.7760
03/03/2020,19.6985
04/03/2020,19.2837
05/03/2020,19.5335
06/03/2020,19.8095
07/03/2020,N/E
08/03/2020,N/E
09/03/2020,20.1623
10/03/2020,21.1117
11/03/2020,21.0267
12/03/2020,21.2130
13/03/2020,22.1518
14/03/2020,N/E
15/03/2020,N/E
16/03/2020,N/E
17/03/2020,21.9288
18/03/2020,23.0573
19/03/2020,23.9008
20/03/2020,24.0868
21/03/2020,N/E
22/03/2020,N/E
23/03/2020,24.1113
24/03/2020,25.0782
25/03/2020,25.1185
26/03/2020,24.2948
27/03/2020,23.0970
28/03/2020,N/E
29/03/2020,N/E
30/03/2020,23.5122
31/03/2020,24.2853
01/04/2020,23.4847
02/04/2020,24.4918
03/04/2020,24.1087
04/04/2020,N/E
05/04/2020,N/E
06/04/2020,24.6938
07/04/2020,24.6895
08/04/2020,24.0388
09/04/2020,N/E
10/04/2020,N/E
11/04/2020,N/E
12/04/2020,N/E
13/04/2020,24.0925
14/04/2020,23.7427
15/04/2020,23.5645
16/04/2020,24.1155
17/04/2020,24.2098
18/04/2020,N/E
19/04/2020,N/E
20/04/2020,23.9012
21/04/2020,24.0077
22/04/2020,24.4248
23/04/2020,24.5883
24/04/2020,24.6230
25/04/2020,N/E
26/04/2020,N/E
27/04/2020,24.8583
28/04/2020,24.8492
29/04/2020,24.3882
30/04/2020,24.0002
01/05/2020,N/E
02/05/2020,N/E
03/05/2020,N/E
04/05/2020,23.9283
05/05/2020,24.3812
06/05/2020,23.8343
07/05/2020,24.2942
08/05/2020,24.0563
09/05/2020,N/E
10/05/2020,N/E
11/05/2020,23.6805
12/05/2020,23.8693
13/05/2020,24.0487
14/05/2020,24.2113
15/05/2020,24.2708
16/05/2020,N/E
17/05/2020,N/E
18/05/2020,23.9580
19/05/2020,23.6032
20/05/2020,23.6023
21/05/2020,23.2962
22/05/2020,22.9600
23/05/2020,N/E
24/05/2020,N/E
25/05/2020,22.7928
26/05/2020,22.5630
27/05/2020,22.2932
28/05/2020,22.3633
29/05/2020,22.2040
30/05/2020,N/E
31/05/2020,N/E
01/06/2020,22.1778
02/06/2020,22.0168
03/06/2020,21.6827
04/06/2020,21.6043
05/06/2020,21.8388
06/06/2020,N/E
07/06/2020,N/E
08/06/2020,21.5837
09/06/2020,21.6552
10/06/2020,21.7252
11/06/2020,21.9230
12/06/2020,22.4252
13/06/2020,N/E
14/06/2020,N/E
15/06/2020,22.3347
16/06/2020,22.5435
17/06/2020,22.2168
18/06/2020,22.2783
19/06/2020,22.6088
20/06/2020,N/E
21/06/2020,N/E
22/06/2020,22.6300
23/06/2020,22.4413
24/06/2020,22.4130
25/06/2020,22.6662
26/06/2020,22.7963
27/06/2020,N/E
28/06/2020,N/E
29/06/2020,22.9715
30/06/2020,23.1325
01/07/2020,23.0893
02/07/2020,22.8078
03/07/2020,22.5225
04/07/2020,N/E
05/07/2020,N/E
06/07/2020,22.4147
07/07/2020,22.2808
08/07/2020,22.6213
09/07/2020,22.8225
10/07/2020,22.6945
11/07/2020,N/E
12/07/2020,N/E
13/07/2020,22.5342
14/07/2020,22.4633
15/07/2020,22.6173
16/07/2020,22.3647
17/07/2020,22.3032
18/07/2020,N/E
19/07/2020,N/E
20/07/2020,22.4897
21/07/2020,22.6278
22/07/2020,22.3597
23/07/2020,22.2510
24/07/2020,22.3627
25/07/2020,N/E
26/07/2020,N/E
27/07/2020,22.3842
28/07/2020,22.0275
29/07/2020,21.9615
30/07/2020,21.9907
31/07/2020,22.1727
01/08/2020,N/E
02/08/2020,N/E
03/08/2020,22.2012
04/08/2020,22.6140
05/08/2020,22.7845
06/08/2020,22.4068
07/08/2020,22.3652
08/08/2020,N/E
09/08/2020,N/E
10/08/2020,22.4892
11/08/2020,22.4850
12/08/2020,22.3490
13/08/2020,22.3457
14/08/2020,22.2628
15/08/2020,N/E
16/08/2020,N/E
17/08/2020,22.0313
18/08/2020,22.0570
19/08/2020,22.1535
20/08/2020,22.0527
21/08/2020,22.1760
22/08/2020,N/E
23/08/2020,N/E
24/08/2020,22.0362
25/08/2020,21.9840
26/08/2020,21.9723
27/08/2020,21.9202
28/08/2020,22.1168
29/08/2020,N/E
30/08/2020,N/E
31/08/2020,21.8602
01/09/2020,21.8880
02/09/2020,21.7445
03/09/2020,21.8393
04/09/2020,21.6383
05/09/2020,N/E
06/09/2020,N/E
07/09/2020,21.6115
08/09/2020,21.5887
09/09/2020,21.7138
10/09/2020,21.5377
11/09/2020,21.2773
12/09/2020,N/E
13/09/2020,N/E
14/09/2020,21.3210
15/09/2020,21.0728
16/09/2020,N/E
17/09/2020,21.0692
18/09/2020,20.9850
19/09/2020,N/E
20/09/2020,N/E
21/09/2020,20.9697
22/09/2020,21.5050
23/09/2020,21.5682
24/09/2020,22.0897
25/09/2020,22.3678
26/09/2020,N/E
27/09/2020,N/E
28/09/2020,22.4402
29/09/2020,22.4573
30/09/2020,22.3598
01/10/2020,22.1438
02/10/2020,21.9562
03/10/2020,N/E
04/10/2020,N/E
05/10/2020,21.7025
06/10/2020,21.3960
07/10/2020,21.4507
08/10/2020,21.4930
09/10/2020,21.4318
10/10/2020,N/E
11/10/2020,N/E
12/10/2020,21.1822
13/10/2020,21.2183
14/10/2020,21.3677
15/10/2020,21.2998
16/10/2020,21.3832
17/10/2020,N/E
18/10/2020,N/E
19/10/2020,21.1765
20/10/2020,21.1342
21/10/2020,21.0902
22/10/2020,21.0640
23/10/2020,21.0300
24/10/2020,N/E
25/10/2020,N/E
26/10/2020,20.9205
27/10/2020,20.9818
28/10/2020,20.8798
29/10/2020,21.1648
30/10/2020,21.3770
31/10/2020,N/E
01/11/2020,N/E
02/11/2020,N/E
03/11/2020,21.2508
04/11/2020,21.1555
05/11/2020,21.0345
06/11/2020,20.7612
07/11/2020,N/E
08/11/2020,N/E
09/11/2020,20.6200
10/11/2020,20.3600
11/11/2020,20.4018
12/11/2020,20.5772
13/11/2020,20.5303
14/11/2020,N/E
15/11/2020,N/E
16/11/2020,N/E
17/11/2020,20.4833
18/11/2020,20.3212
19/11/2020,20.2388
20/11/2020,20.1858
21/11/2020,N/E
22/11/2020,N/E
23/11/2020,20.1172
24/11/2020,20.1012
25/11/2020,20.0577
26/11/2020,20.0465
27/11/2020,20.0467
28/11/2020,N/E
29/11/2020,N/E
30/11/2020,20.0777
01/12/2020,20.1398
02/12/2020,20.0508
03/12/2020,20.0497
04/12/2020,19.9083
05/12/2020,N/E
06/12/2020,N/E
07/12/2020,19.7838
08/12/2020,19.8213
09/12/2020,19.7537
10/12/2020,19.8368
11/12/2020,19.9572
12/12/2020,N/E
13/12/2020,N/E
14/12/2020,20.1075
15/12/2020,20.1778
16/12/2020,20.1113
17/12/2020,19.9513
18/12/2020,19.8173
19/12/2020,N/E
20/12/2020,N/E
21/12/2020,19.9487
22/12/2020,20.0905
23/12/2020,20.0562
24/12/2020,20.1175
25/12/2020,N/E
26/12/2020,N/E
27/12/2020,N/E
28/12/2020,19.8517
29/12/2020,20.0477
30/12/2020,19.9487
31/12/2020,19.9352
01/01/2021,N/E
02/01/2021,N/E
03/01/2021,N/E
04/01/2021,19.9087
05/01/2021,19.8457
06/01/2021,19.9437
07/01/2021,19.7250
08/01/2021,19.9100
09/01/2021,N/E
10/01/2021,N/E
11/01/2021,19.9705
12/01/2021,20.1130
13/01/2021,19.9373
14/01/2021,19.7935
15/01/2021,19.7793
16/01/2021,N/E
17/01/2021,N/E
18/01/2021,19.7875
19/01/2021,19.7570
20/01/2021,19.6788
21/01/2021,19.5793
22/01/2021,19.7393
23/01/2021,N/E
24/01/2021,N/E
25/01/2021,19.9833
26/01/2021,20.1598
27/01/2021,20.0152
28/01/2021,20.2168
29/01/2021,20.2697
30/01/2021,N/E
31/01/2021,N/E
01/02/2021,N/E
02/02/2021,20.2248
03/02/2021,20.1722
04/02/2021,20.1953
05/02/2021,20.4435
06/02/2021,N/E
07/02/2021,N/E
08/02/2021,20.1388
09/02/2021,20.1227
10/02/2021,20.0913
11/02/2021,20.0588
12/02/2021,19.9535
13/02/2021,N/E
14/02/2021,N/E
15/02/2021,19.9622
16/02/2021,19.9518
17/02/2021,20.2023
18/02/2021,20.2257
19/02/2021,20.4165
20/02/2021,N/E
21/02/2021,N/E
22/02/2021,20.4222
23/02/2021,20.6783
24/02/2021,20.5833
25/02/2021,20.4752
26/02/2021,20.8523
27/02/2021,N/E
28/02/2021,N/E
01/03/2021,20.9390
02/03/2021,20.6123
03/03/2021,20.6903
04/03/2021,20.8957
05/03/2021,20.8498
06/03/2021,N/E
07/03/2021,N/E
08/03/2021,21.2635
09/03/2021,21.4177
10/03/2021,21.2575
11/03/2021,20.9853
12/03/2021,20.7133
13/03/2021,N/E
14/03/2021,N/E
15/03/2021,N/E
16/03/2021,20.7637
17/03/2021,20.5753
18/03/2021,20.6828
19/03/2021,20.4415
20/03/2021,N/E
21/03/2021,N/E
22/03/2021,20.4823
23/03/2021,20.5788
24/03/2021,20.6408
25/03/2021,20.7882
26/03/2021,20.7662
27/03/2021,N/E
28/03/2021,N/E
29/03/2021,20.5677
30/03/2021,20.6047
31/03/2021,20.6025
01/04/2021,N/E
02/04/2021,N/E
03/04/2021,N/E
04/04/2021,N/E
05/04/2021,20.4400
06/04/2021,20.2483
07/04/2021,20.1612
08/04/2021,20.1765
09/04/2021,20.0890
10/04/2021,N/E
11/04/2021,N/E
12/04/2021,20.1630
13/04/2021,20.0950
14/04/2021,20.0735
15/04/2021,20.0583
16/04/2021,19.9270
17/04/2021,N/E
18/04/2021,N/E
19/04/2021,19.9158
20/04/2021,19.8145
21/04/2021,19.8877
22/04/2021,19.8740
23/04/2021,19.8865
24/04/2021,N/E
25/04/2021,N/E
26/04/2021,19.8695
27/04/2021,19.8362
28/04/2021,19.9785
29/04/2021,19.9712
30/04/2021,20.0978
01/05/2021,N/E
02/05/2021,N/E
03/05/2021,20.1822
04/05/2021,20.1902
05/05/2021,20.2235
06/05/2021,20.2077
07/05/2021,20.1838
08/05/2021,N/E
09/05/2021,N/E
10/05/2021,19.9223
11/05/2021,19.8860
12/05/2021,19.8848
13/05/2021,20.0940
14/05/2021,20.0495
15/05/2021,N/E
16/05/2021,N/E
17/05/2021,19.8487
18/05/2021,19.8028
19/05/2021,19.8313
20/05/2021,19.8143
21/05/2021,19.8810
22/05/2021,N/E
23/05/2021,N/E
24/05/2021,19.9510
25/05/2021,19.8720
26/05/2021,19.8903
27/05/2021,19.8783
28/05/2021,19.9487
29/05/2021,N/E
30/05/2021,N/E
31/05/2021,19.9442
01/06/2021,19.9213
02/06/2021,19.8927
03/06/2021,19.9277
04/06/2021,20.0605
05/06/2021,N/E
06/06/2021,N/E
07/06/2021,19.9328
08/06/2021,19.7970
09/06/2021,19.7728
10/06/2021,19.6897
11/06/2021,19.7002
12/06/2021,N/E
13/06/2021,N/E
14/06/2021,19.8823
15/06/2021,19.9065
16/06/2021,20.1235
17/06/2021,20.0588
18/06/2021,20.4292
19/06/2021,N/E
20/06/2021,N/E
21/06/2021,20.7002
22/06/2021,20.6000
23/06/2021,20.5712
24/06/2021,20.2505
25/06/2021,20.0483
26/06/2021,N/E
27/06/2021,N/E
28/06/2021,19.7930
29/06/2021,19.8027
30/06/2021,19.8157
01/07/2021,19.9062
02/07/2021,20.0368
03/07/2021,N/E
04/07/2021,N/E
05/07/2021,19.8817
06/07/2021,19.8532
07/07/2021,19.9658
08/07/2021,19.9915
09/07/2021,20.0070
10/07/2021,N/E
11/07/2021,N/E
12/07/2021,19.8800
13/07/2021,19.8577
14/07/2021,19.9988
15/07/2021,19.8992
16/07/2021,19.9412
17/07/2021,N/E
18/07/2021,N/E
19/07/2021,19.8537
20/07/2021,20.0000
21/07/2021,20.1348
22/07/2021,20.1907
23/07/2021,20.1812
24/07/2021,N/E
25/07/2021,N/E
26/07/2021,20.0238
27/07/2021,20.0245
28/07/2021,19.9770
29/07/2021,19.9535
30/07/2021,19.8448
31/07/2021,N/E
01/08/2021,N/E
02/08/2021,19.8455
03/08/2021,19.8520
04/08/2021,19.8920
05/08/2021,19.9547
06/08/2021,19.9293
07/08/2021,N/E
08/08/2021,N/E
09/08/2021,20.0037
10/08/2021,20.0648
11/08/2021,20.1038
12/08/2021,19.9530
13/08/2021,19.8907
14/08/2021,N/E
15/08/2021,N/E
16/08/2021,19.8603
17/08/2021,19.8863
18/08/2021,19.9912
19/08/2021,20.0107
20/08/2021,20.1175
21/08/2021,N/E
22/08/2021,N/E
23/08/2021,20.4020
24/08/2021,20.3907
25/08/2021,20.2967
26/08/2021,20.2933
27/08/2021,20.3522
28/08/2021,N/E
29/08/2021,N/E
30/08/2021,20.2293
31/08/2021,20.1403
01/09/2021,20.0605
02/09/2021,19.9615
03/09/2021,19.9703
04/09/2021,N/E
05/09/2021,N/E
06/09/2021,19.8992
07/09/2021,19.8878
08/09/2021,19.9440
09/09/2021,19.9383
10/09/2021,19.9318
11/09/2021,N/E
12/09/2021,N/E
13/09/2021,19.8717
14/09/2021,19.8677
15/09/2021,19.9035
16/09/2021,N/E
17/09/2021,19.9003
18/09/2021,N/E
19/09/2021,N/E
20/09/2021,19.9853
21/09/2021,20.1735
22/09/2021,20.1438
23/09/2021,20.0328
24/09/2021,20.0280
25/09/2021,N/E
26/09/2021,N/E
27/09/2021,20.1118
28/09/2021,20.1052
29/09/2021,20.3060
30/09/2021,20.4977
01/10/2021,20.5623
02/10/2021,N/E
03/10/2021,N/E
04/10/2021,20.5103
05/10/2021,20.5747
06/10/2021,20.5818
07/10/2021,20.6947
08/10/2021,20.6040
09/10/2021,N/E
10/10/2021,N/E
11/10/2021,20.7293
12/10/2021,20.8017
13/10/2021,20.7767
14/10/2021,20.6827
15/10/2021,20.6075
16/10/2021,N/E
17/10/2021,N/E
18/10/2021,20.4672
19/10/2021,20.3587
20/10/2021,20.2647
21/10/2021,20.1850
22/10/2021,20.2643
23/10/2021,N/E
24/10/2021,N/E
25/10/2021,20.1837
26/10/2021,20.1897
27/10/2021,20.1888
28/10/2021,20.1930
29/10/2021,20.3255
30/10/2021,N/E
31/10/2021,N/E
01/11/2021,20.5297
02/11/2021,N/E
03/11/2021,20.8598
04/11/2021,20.8352
05/11/2021,20.6242
06/11/2021,N/E
07/11/2021,N/E
08/11/2021,20.3925
09/11/2021,20.3265
10/11/2021,20.2833
11/11/2021,20.4702
12/11/2021,20.4652
13/11/2021,N/E
14/11/2021,N/E
15/11/2021,N/E
16/11/2021,20.5072
17/11/2021,20.8092
18/11/2021,20.6912
19/11/2021,20.7628
20/11/2021,N/E
21/11/2021,N/E
22/11/2021,20.8283
23/11/2021,20.9632
24/11/2021,21.2107
25/11/2021,21.4357
26/11/2021,21.5462
27/11/2021,N/E
28/11/2021,N/E
29/11/2021,21.8185
30/11/2021,21.7333
01/12/2021,21.4453
02/12/2021,21.2710
03/12/2021,21.3033
04/12/2021,N/E
05/12/2021,N/E
06/12/2021,21.4177
07/12/2021,21.2047
08/12/2021,21.0907
09/12/2021,20.9330
10/12/2021,21.0328
11/12/2021,N/E
12/12/2021,N/E
13/12/2021,20.8922
14/12/2021,20.9383
15/12/2021,21.1650
16/12/2021,21.2393
17/12/2021,20.9238
18/12/2021,N/E
19/12/2021,N/E
20/12/2021,20.7337
21/12/2021,20.7363
22/12/2021,20.7823
23/12/2021,20.7527
24/12/2021,20.6582
25/12/2021,N/E
26/12/2021,N/E
27/12/2021,20.6112
28/12/2021,20.6828
29/12/2021,20.5770
30/12/2021,20.5835
31/12/2021,20.5157
01/01/2022,N/E
02/01/2022,N/E
03/01/2022,20.4672
04/01/2022,20.5890
05/01/2022,20.4742
06/01/2022,20.3977
07/01/2022,20.4588
08/01/2022,N/E
09/01/2022,N/E
10/01/2022,20.4237
11/01/2022,20.4453
12/01/2022,20.3785
13/01/2022,20.3660
14/01/2022,20.3607
15/01/2022,N/E
16/01/2022,N/E
17/01/2022,20.3118
18/01/2022,20.3002
19/01/2022,20.4030
20/01/2022,20.4600
21/01/2022,20.4507
22/01/2022,N/E
23/01/2022,N/E
24/01/2022,20.4598
25/01/2022,20.6308
26/01/2022,20.6683
27/01/2022,20.6415
28/01/2022,20.7383
29/01/2022,N/E
30/01/2022,N/E
31/01/2022,20.8597
01/02/2022,20.6352
02/02/2022,20.5800
03/02/2022,20.6003
04/02/2022,20.5562
05/02/2022,N/E
06/02/2022,N/E
07/02/2022,N/E
08/02/2022,20.7325
09/02/2022,20.6413
10/02/2022,20.5008
11/02/2022,20.4148
12/02/2022,N/E
13/02/2022,N/E
14/02/2022,20.4188
15/02/2022,20.4110
16/02/2022,20.3992
17/02/2022,20.3335
18/02/2022,20.2978
19/02/2022,N/E
20/02/2022,N/E
21/02/2022,20.3063
22/02/2022,20.2825
23/02/2022,20.2977
24/02/2022,20.2435
25/02/2022,20.6525
26/02/2022,N/E
27/02/2022,N/E
28/02/2022,20.4465
01/03/2022,20.4257
02/03/2022,20.5272
03/03/2022,20.7193
04/03/2022,20.7033
05/03/2022,N/E
06/03/2022,N/E
07/03/2022,20.9262
08/03/2022,21.1947
09/03/2022,21.3775
10/03/2022,20.9677
11/03/2022,20.9743
12/03/2022,N/E
13/03/2022,N/E
14/03/2022,20.9695
15/03/2022,20.8908
16/03/2022,20.8743
17/03/2022,20.7035
18/03/2022,20.5585
19/03/2022,N/E
20/03/2022,N/E
21/03/2022,N/E
22/03/2022,20.4145
23/03/2022,20.2782
24/03/2022,20.1800
25/03/2022,20.1313
26/03/2022,N/E
27/03/2022,N/E
28/03/2022,19.9577
29/03/2022,20.1195
30/03/2022,19.9942
31/03/2022,19.8632
01/04/2022,19.9112
02/04/2022,N/E
03/04/2022,N/E
04/04/2022,19.8432
05/04/2022,19.7443
06/04/2022,19.9012
07/04/2022,20.0665
08/04/2022,20.1605
09/04/2022,N/E
10/04/2022,N/E
11/04/2022,20.1200
12/04/2022,20.0093
13/04/2022,19.8407
14/04/2022,N/E
15/04/2022,N/E
16/04/2022,N/E
17/04/2022,N/E
18/04/2022,19.7967
19/04/2022,19.9377
20/04/2022,20.0447
21/04/2022,20.0383
22/04/2022,20.1802
23/04/2022,N/E
24/04/2022,N/E
25/04/2022,20.3183
26/04/2022,20.2992
27/04/2022,20.3560
28/04/2022,20.4707
29/04/2022,20.5670
30/04/2022,N/E
01/05/2022,N/E
02/05/2022,20.3728
03/05/2022,20.4075
04/05/2022,20.3350
05/05/2022,20.2535
06/05/2022,20.2218
07/05/2022,N/E
08/05/2022,N/E
09/05/2022,20.1085
10/05/2022,20.3172
11/05/2022,20.3720
12/05/2022,20.2592
13/05/2022,20.3200
14/05/2022,N/E
15/05/2022,N/E
16/05/2022,20.1443
17/05/2022,20.0782
18/05/2022,19.9637
19/05/2022,19.9663
20/05/2022,19.9267
21/05/2022,N/E
22/05/2022,N/E
23/05/2022,19.8657
24/05/2022,19.8282
25/05/2022,19.8870
26/05/2022,19.8377
27/05/2022,19.7933
28/05/2022,N/E
29/05/2022,N/E
30/05/2022,19.5965
31/05/2022,19.4953
01/06/2022,19.6940
02/06/2022,19.7388
03/06/2022,19.5585
04/06/2022,N/E
05/06/2022,N/E
06/06/2022,19.5742
07/06/2022,19.5547
08/06/2022,19.5998
09/06/2022,19.5900
10/06/2022,19.6128
11/06/2022,N/E
12/06/2022,N/E
13/06/2022,19.9297
14/06/2022,20.4527
15/06/2022,20.6583
16/06/2022,20.6675
17/06/2022,20.5728
18/06/2022,N/E
19/06/2022,N/E
20/06/2022,20.4760
21/06/2022,20.2442
22/06/2022,20.1963
23/06/2022,20.0465
24/06/2022,20.0365
25/06/2022,N/E
26/06/2022,N/E
27/06/2022,19.8707
28/06/2022,19.8797
29/06/2022,19.9847
30/06/2022,20.1443
01/07/2022,20.1335
02/07/2022,N/E
03/07/2022,N/E
04/07/2022,20.3817
05/07/2022,20.2877
06/07/2022,20.5598
07/07/2022,20.7228
08/07/2022,20.6022
09/07/2022,N/E
10/07/2022,N/E
11/07/2022,20.4423
12/07/2022,20.7473
13/07/2022,20.7882
14/07/2022,20.7613
15/07/2022,20.9415
16/07/2022,N/E
17/07/2022,N/E
18/07/2022,20.6110
19/07/2022,20.3957
20/07/2022,20.4407
21/07/2022,20.4913
22/07/2022,20.6562
23/07/2022,N/E
24/07/2022,N/E
25/07/2022,20.5150
26/07/2022,20.4652
27/07/2022,20.4330
28/07/2022,20.5120
29/07/2022,20.3778
30/07/2022,N/E
31/07/2022,N/E
01/08/2022,20.3485
02/08/2022,20.2633
03/08/2022,20.5152
04/08/2022,20.6305
05/08/2022,20.3358
06/08/2022,N/E
07/08/2022,N/E
08/08/2022,20.4010
09/08/2022,20.2789
10/08/2022,20.2715
11/08/2022,19.9562
12/08/2022,19.9595
13/08/2022,N/E
14/08/2022,N/E
15/08/2022,19.8740
16/08/2022,19.8618
17/08/2022,19.9303
18/08/2022,20.0387
19/08/2022,20.0835
20/08/2022,N/E
21/08/2022,N/E
22/08/2022,20.1957
23/08/2022,20.1598
24/08/2022,19.9982
25/08/2022,19.9198
26/08/2022,19.9437
27/08/2022,N/E
28/08/2022,N/E
29/08/2022,19.9268
30/08/2022,19.9945
31/08/2022,20.1465
01/09/2022,20.0962
02/09/2022,20.2473
03/09/2022,N/E
04/09/2022,N/E
05/09/2022,19.9753
06/09/2022,19.9620
07/09/2022,20.1380
08/09/2022,20.0297
09/09/2022,20.0203
10/09/2022,N/E
11/09/2022,N/E
12/09/2022,19.9027
13/09/2022,19.7957
14/09/2022,20.0550
15/09/2022,19.9768
16/09/2022,N/E
17/09/2022,N/E
18/09/2022,N/E
19/09/2022,20.0525
20/09/2022,19.9943
21/09/2022,20.0000
22/09/2022,20.0027
23/09/2022,19.9608
24/09/2022,N/E
25/09/2022,N/E
26/09/2022,20.1627
27/09/2022,20.3517
28/09/2022,20.3570
29/09/2022,20.3058
30/09/2022,20.1927
01/10/2022,N/E
02/10/2022,N/E
03/10/2022,20.0925
04/10/2022,20.0008
05/10/2022,19.9698
06/10/2022,20.1267
07/10/2022,20.1087
08/10/2022,N/E
09/10/2022,N/E
10/10/2022,20.0502
11/10/2022,19.9752
12/10/2022,19.9652
13/10/2022,20.0352
14/10/2022,20.0398
15/10/2022,N/E
16/10/2022,N/E
17/10/2022,20.0838
18/10/2022,19.9913
19/10/2022,20.0207
20/10/2022,20.1272
21/10/2022,20.0448
22/10/2022,N/E
23/10/2022,N/E
24/10/2022,19.9647
25/10/2022,19.9535
26/10/2022,19.8712
27/10/2022,19.8553
28/10/2022,19.8365
29/10/2022,N/E
30/10/2022,N/E
31/10/2022,19.8303
01/11/2022,19.8245
02/11/2022,N/E
03/11/2022,19.7463
04/11/2022,19.6673
05/11/2022,N/E
06/11/2022,N/E
07/11/2022,19.5202
08/11/2022,19.4647
09/11/2022,19.4775
10/11/2022,19.5887
11/11/2022,19.3940
12/11/2022,N/E
13/11/2022,N/E
14/11/2022,19.5353
15/11/2022,19.4015
16/11/2022,19.3818
17/11/2022,19.3137
18/11/2022,19.4333
19/11/2022,N/E
20/11/2022,N/E
21/11/2022,N/E
22/11/2022,19.4930
23/11/2022,19.4667
24/11/2022,19.3683
25/11/2022,19.3692
26/11/2022,N/E
27/11/2022,N/E
28/11/2022,19.3393
29/11/2022,19.3250
30/11/2022,19.2160
01/12/2022,19.3965
02/12/2022,19.1433
03/12/2022,N/E
04/12/2022,N/E
05/12/2022,19.3422
06/12/2022,19.7567
07/12/2022,19.8030
08/12/2022,19.6977
09/12/2022,19.6732
10/12/2022,N/E
11/12/2022,N/E
12/12/2022,N/E
13/12/2022,19.8192
14/12/2022,19.6458
15/12/2022,19.6955
16/12/2022,19.7963
17/12/2022,N/E
18/12/2022,N/E
19/12/2022,19.7932
20/12/2022,19.7557
21/12/2022,19.7482
22/12/2022,19.6932
23/12/2022,19.5740
24/12/2022,N/E
25/12/2022,N/E
26/12/2022,19.4287
27/12/2022,19.3983
28/12/2022,19.4407
29/12/2022,19.4143
30/12/2022,19.3615
31/12/2022,N/E
01/01/2023,N/E
02/01/2023,19.4715
03/01/2023,19.4883
04/01/2023,19.4220
05/01/2023,19.3568
06/01/2023,19.3672
07/01/2023,N/E
08/01/2023,N/E
09/01/2023,19.1753
10/01/2023,19.1648
11/01/2023,19.1108
12/01/2023,19.0260
13/01/2023,18.8735
14/01/2023,N/E
15/01/2023,N/E
16/01/2023,18.7922
17/01/2023,18.7913
18/01/2023,18.7493
19/01/2023,18.7493
20/01/2023,19.0327
21/01/2023,N/E
22/01/2023,N/E
23/01/2023,18.9257
24/01/2023,18.8267
25/01/2023,18.8318
26/01/2023,18.8200
27/01/2023,18.8355
28/01/2023,N/E
29/01/2023,N/E
30/01/2023,18.7872
31/01/2023,18.7793
01/02/2023,18.7937
02/02/2023,18.7390
03/02/2023,18.6232
04/02/2023,N/E
05/02/2023,N/E
06/02/2023,N/E
07/02/2023,18.8895
08/02/2023,19.0517
09/02/2023,18.9435
10/02/2023,18.9543
11/02/2023,N/E
12/02/2023,N/E
13/02/2023,18.6893
14/02/2023,18.6327
15/02/2023,18.5383
16/02/2023,18.6428
17/02/2023,18.5497
18/02/2023,N/E
19/02/2023,N/E
20/02/2023,18.4142
21/02/2023,18.3970
22/02/2023,18.3938
23/02/2023,18.3483
24/02/2023,18.4107
25/02/2023,N/E
26/02/2023,N/E
27/02/2023,18.4023
28/02/2023,18.4077
01/03/2023,18.3448
02/03/2023,18.1700
03/03/2023,18.1260
04/03/2023,N/E
05/03/2023,N/E
06/03/2023,18.0123
07/03/2023,18.0122
08/03/2023,18.1155
09/03/2023,17.9662
10/03/2023,18.0577
11/03/2023,N/E
12/03/2023,N/E
13/03/2023,18.4083
14/03/2023,18.8302
15/03/2023,18.6427
16/03/2023,18.9972
17/03/2023,18.9095
18/03/2023,N/E
19/03/2023,N/E
20/03/2023,N/E
21/03/2023,18.8977
22/03/2023,18.6755
23/03/2023,18.5437
24/03/2023,18.4902
25/03/2023,N/E
26/03/2023,N/E
27/03/2023,18.5178
28/03/2023,18.3830
29/03/2023,18.2523
30/03/2023,18.1052
31/03/2023,18.0932
01/04/2023,N/E
02/04/2023,N/E
03/04/2023,18.0415
04/04/2023,18.1070
05/04/2023,18.1185
06/04/2023,N/E
07/04/2023,N/E
08/04/2023,N/E
09/04/2023,N/E
10/04/2023,18.3323
11/04/2023,18.1765
12/04/2023,18.1870
13/04/2023,18.0660
14/04/2023,18.0152
15/04/2023,N/E
16/04/2023,N/E
17/04/2023,18.0638
18/04/2023,18.0868
19/04/2023,18.0630
20/04/2023,18.0448
21/04/2023,18.0090
22/04/2023,N/E
23/04/2023,N/E
24/04/2023,17.9988
25/04/2023,18.0082
26/04/2023,18.0892
27/04/2023,18.1030
28/04/2023,18.0723
29/04/2023,N/E
30/04/2023,N/E
01/05/2023,N/E
02/05/2023,17.9975
03/05/2023,18.0325
04/05/2023,17.9060
05/05/2023,17.9575
06/05/2023,N/E
07/05/2023,N/E
08/05/2023,17.7863
09/05/2023,17.8213
10/05/2023,17.7608
11/05/2023,17.5845
12/05/2023,17.6287
13/05/2023,N/E
14/05/2023,N/E
15/05/2023,17.6142
16/05/2023,17.5380
17/05/2023,17.4672
18/05/2023,17.5872
19/05/2023,17.7342
20/05/2023,N/E
21/05/2023,N/E
22/05/2023,17.6930
23/05/2023,17.8680
24/05/2023,17.9687
25/05/2023,17.8195
26/05/2023,17.8252
27/05/2023,N/E
28/05/2023,N/E
29/05/2023,17.6723
30/05/2023,17.5605
31/05/2023,17.6532
01/06/2023,17.7418
02/06/2023,17.5673
03/06/2023,N/E
04/06/2023,N/E
05/06/2023,17.5063
06/06/2023,17.4732
07/06/2023,17.4192
08/06/2023,17.3608
09/06/2023,17.4085
10/06/2023,N/E
11/06/2023,N/E
12/06/2023,17.2840
13/06/2023,17.3120
14/06/2023,17.2185
15/06/2023,17.1247
16/06/2023,17.1762
17/06/2023,N/E
18/06/2023,N/E
19/06/2023,17.0792
20/06/2023,17.0945
21/06/2023,17.2043
22/06/2023,17.1547
23/06/2023,17.1713
24/06/2023,N/E
25/06/2023,N/E
26/06/2023,17.1795
27/06/2023,17.1445
28/06/2023,17.1013
29/06/2023,17.0720
30/06/2023,17.1187
01/07/2023,N/E
02/07/2023,N/E
03/07/2023,17.1358
04/07/2023,17.0517
05/07/2023,17.0260
06/07/2023,17.0040
07/07/2023,17.2825
08/07/2023,N/E
09/07/2023,N/E
10/07/2023,17.1012
11/07/2023,17.0605
12/07/2023,17.0783
13/07/2023,16.8537
14/07/2023,16.8905
15/07/2023,N/E
16/07/2023,N/E
17/07/2023,16.7892
18/07/2023,16.7858
19/07/2023,16.7480
20/07/2023,16.7667
21/07/2023,16.8460
22/07/2023,N/E
23/07/2023,N/E
24/07/2023,16.9393
25/07/2023,16.8367
26/07/2023,16.9075
27/07/2023,16.8825
28/07/2023,16.7338
29/07/2023,N/E
30/07/2023,N/E
31/07/2023,16.6895
01/08/2023,16.7303
02/08/2023,16.8533
03/08/2023,17.0193
04/08/2023,17.2892
05/08/2023,N/E
06/08/2023,N/E
07/08/2023,17.0555
08/08/2023,17.0608
09/08/2023,17.1122
10/08/2023,17.0767
11/08/2023,16.9548
12/08/2023,N/E
13/08/2023,N/E
14/08/2023,17.0045
15/08/2023,17.0672
16/08/2023,17.1388
17/08/2023,17.0768
18/08/2023,17.1225
19/08/2023,N/E
20/08/2023,N/E
21/08/2023,17.0477
22/08/2023,17.0202
23/08/2023,16.9267
24/08/2023,16.8077
25/08/2023,16.8090
26/08/2023,N/E
27/08/2023,N/E
28/08/2023,16.7718
29/08/2023,16.7432
30/08/2023,16.8402
31/08/2023,16.7477
01/09/2023,16.9170
02/09/2023,N/E
03/09/2023,N/E
04/09/2023,17.1113
05/09/2023,17.1750
06/09/2023,17.3492
07/09/2023,17.5805
08/09/2023,17.5543
09/09/2023,N/E
10/09/2023,N/E
11/09/2023,17.5767
12/09/2023,17.3813
13/09/2023,17.2553
14/09/2023,17.1235
15/09/2023,17.1042
16/09/2023,N/E
17/09/2023,N/E
18/09/2023,17.0807
19/09/2023,17.1307
20/09/2023,17.0805
21/09/2023,17.0240
22/09/2023,17.1675
23/09/2023,N/E
24/09/2023,N/E
25/09/2023,17.1568
26/09/2023,17.3733
27/09/2023,17.4758
28/09/2023,17.7287
29/09/2023,17.6195
30/09/2023,N/E
01/10/2023,N/E
02/10/2023,17.4127
03/10/2023,17.5920
04/10/2023,17.9025
05/10/2023,18.0170
06/10/2023,18.2407
07/10/2023,N/E
08/10/2023,N/E
09/10/2023,18.1837
10/10/2023,18.3482
11/10/2023,17.9917
12/10/2023,17.8420
13/10/2023,17.9132
14/10/2023,N/E
15/10/2023,N/E
16/10/2023,18.0362
17/10/2023,17.9568
18/10/2023,17.9097
19/10/2023,18.2440
20/10/2023,18.2873
21/10/2023,N/E
22/10/2023,N/E
23/10/2023,18.2343
24/10/2023,18.1218
25/10/2023,18.2842
26/10/2023,18.3122
27/10/2023,18.2178
28/10/2023,N/E
29/10/2023,N/E
30/10/2023,18.0752
31/10/2023,18.0640
01/11/2023,18.0368
02/11/2023,N/E
03/11/2023,17.9305
04/11/2023,N/E
05/11/2023,N/E
06/11/2023,17.4117
07/11/2023,17.5308
08/11/2023,17.5097
09/11/2023,17.5017
10/11/2023,17.4888
11/11/2023,N/E
12/11/2023,N/E
13/11/2023,17.7480
14/11/2023,17.6138
15/11/2023,17.3917
16/11/2023,17.3387
17/11/2023,17.2708
18/11/2023,N/E
19/11/2023,N/E
20/11/2023,N/E
21/11/2023,17.2175
22/11/2023,17.2102
23/11/2023,17.2133
24/11/2023,17.1787
25/11/2023,N/E
26/11/2023,N/E
27/11/2023,17.1268
28/11/2023,17.1555
29/11/2023,17.1357
30/11/2023,17.1870
01/12/2023,17.3730
02/12/2023,N/E
03/12/2023,N/E
04/12/2023,17.2143
05/12/2023,17.4060
06/12/2023,17.4215
07/12/2023,17.2685
08/12/2023,17.4197
09/12/2023,N/E
10/12/2023,N/E
11/12/2023,17.3688
12/12/2023,N/E
13/12/2023,17.4470
14/12/2023,17.3980
15/12/2023,17.2990
16/12/2023,N/E
17/12/2023,N/E
18/12/2023,17.1908
19/12/2023,17.2277
20/12/2023,17.0652
21/12/2023,17.0673
22/12/2023,17.0590
23/12/2023,N/E
24/12/2023,N/E
25/12/2023,N/E
26/12/2023,16.9738
27/12/2023,16.9727
28/12/2023,16.9220
29/12/2023,16.8935
30/12/2023,N/E
31/12/2023,N/E
01/01/2024,N/E
02/01/2024,16.9190
03/01/2024,17.0297
04/01/2024,17.0492
05/01/2024,17.0458
06/01/2024,N/E
07/01/2024,N/E
08/01/2024,16.8987
09/01/2024,16.8133
10/01/2024,16.9347
11/01/2024,16.9912
12/01/2024,16.9898
13/01/2024,N/E
14/01/2024,N/E
15/01/2024,16.8580
16/01/2024,16.8983
17/01/2024,17.1598
18/01/2024,17.2957
19/01/2024,17.1995
20/01/2024,N/E
21/01/2024,N/E
22/01/2024,17.1325
23/01/2024,17.1125
24/01/2024,17.3520
25/01/2024,17.1673
26/01/2024,17.2375
27/01/2024,N/E
28/01/2024,N/E
29/01/2024,17.1657
30/01/2024,17.2333
31/01/2024,17.1932
01/02/2024,17.1633
02/02/2024,17.1335
03/02/2024,N/E
04/02/2024,N/E
05/02/2024,N/E
06/02/2024,17.1447
07/02/2024,17.0357
08/02/2024,17.0398
09/02/2024,17.1023
10/02/2024,N/E
11/02/2024,N/E
12/02/2024,17.0855
13/02/2024,17.0680
14/02/2024,17.1982
15/02/2024,17.1105
16/02/2024,17.0680
17/02/2024,N/E
18/02/2024,N/E
19/02/2024,17.0602
20/02/2024,17.0500
21/02/2024,17.0458
22/02/2024,17.0603
23/02/2024,17.1210
24/02/2024,N/E
25/02/2024,N/E
26/02/2024,17.1260
27/02/2024,17.1260
28/02/2024,17.0605
29/02/2024,17.0962
01/03/2024,17.0633
02/03/2024,N/E
03/03/2024,N/E
04/03/2024,17.0217
05/03/2024,16.9828
06/03/2024,16.9257
07/03/2024,16.8728
08/03/2024,16.8770
09/03/2024,N/E
10/03/2024,N/E
11/03/2024,16.7985
12/03/2024,16.8083
13/03/2024,16.8272
14/03/2024,16.7127
15/03/2024,16.6920
16/03/2024,N/E
17/03/2024,N/E
18/03/2024,N/E
19/03/2024,16.7100
20/03/2024,16.8523
21/03/2024,16.7590
22/03/2024,16.7620
23/03/2024,N/E
24/03/2024,N/E
25/03/2024,16.7367
26/03/2024,16.7032
27/03/2024,16.6780
28/03/2024,N/E
29/03/2024,N/E
30/03/2024,N/E
31/03/2024,N/E
01/04/2024,16.5323
02/04/2024,16.6578
03/04/2024,16.5673
04/04/2024,16.5415
05/04/2024,16.5173
06/04/2024,N/E
07/04/2024,N/E
08/04/2024,16.4758
09/04/2024,16.3357
10/04/2024,16.3932
11/04/2024,16.4883
12/04/2024,16.4583
13/04/2024,N/E
14/04/2024,N/E
15/04/2024,16.6693
16/04/2024,16.6815
17/04/2024,17.0252
18/04/2024,16.9948
19/04/2024,17.1145
20/04/2024,N/E
21/04/2024,N/E
22/04/2024,17.2120
23/04/2024,17.1243
24/04/2024,16.9995
25/04/2024,17.1098
26/04/2024,17.1883
27/04/2024,N/E
28/04/2024,N/E
29/04/2024,17.1552
30/04/2024,17.0243
01/05/2024,N/E
02/05/2024,17.0958
03/05/2024,16.9393
04/05/2024,N/E
05/05/2024,N/E
06/05/2024,17.0042
07/05/2024,16.8947
08/05/2024,16.9083
09/05/2024,16.9087
10/05/2024,16.8660
11/05/2024,N/E
12/05/2024,N/E
13/05/2024,16.7690
14/05/2024,16.8072
15/05/2024,16.8460
16/05/2024,16.6782
17/05/2024,16.6893
18/05/2024,N/E
19/05/2024,N/E
20/05/2024,16.6217
21/05/2024,16.5668
22/05/2024,16.6138
23/05/2024,16.6405
24/05/2024,16.6945
25/05/2024,N/E
26/05/2024,N/E
27/05/2024,16.7023
28/05/2024,16.6568
29/05/2024,16.7457
30/05/2024,16.9500
31/05/2024,16.9377
01/06/2024,N/E
02/06/2024,N/E
03/06/2024,17.0177
04/06/2024,17.6338
05/06/2024,17.8607
06/06/2024,17.5592
07/06/2024,17.5335
08/06/2024,N/E
09/06/2024,N/E
10/06/2024,18.2622
11/06/2024,18.3848
12/06/2024,18.4457
13/06/2024,18.7832
14/06/2024,18.5385
15/06/2024,N/E
16/06/2024,N/E
17/06/2024,18.4512
18/06/2024,18.5248
19/06/2024,18.4128
20/06/2024,18.4230
21/06/2024,18.4027
22/06/2024,N/E
23/06/2024,N/E
24/06/2024,18.1848
25/06/2024,17.9627
26/06/2024,18.1372
27/06/2024,18.2215
28/06/2024,18.3773
29/06/2024,N/E
30/06/2024,N/E
01/07/2024,18.2478
02/07/2024,18.3897
03/07/2024,18.2485
04/07/2024,18.1355
05/07/2024,18.0958
06/07/2024,N/E
07/07/2024,N/E
08/07/2024,18.0977
09/07/2024,18.0095
10/07/2024,17.9428
11/07/2024,17.8288
12/07/2024,17.8192
13/07/2024,N/E
14/07/2024,N/E
15/07/2024,17.6502
16/07/2024,17.7837
17/07/2024,17.6795
18/07/2024,17.7438
19/07/2024,17.8907
20/07/2024,N/E
21/07/2024,N/E
22/07/2024,17.9970
23/07/2024,17.9107
24/07/2024,18.0987
25/07/2024,18.3458
26/07/2024,18.3850
27/07/2024,N/E
28/07/2024,N/E
29/07/2024,18.4475
30/07/2024,18.6818
31/07/2024,18.7900
01/08/2024,18.5970
02/08/2024,18.7060
03/08/2024,N/E
04/08/2024,N/E
05/08/2024,19.0442
06/08/2024,19.3905
07/08/2024,19.3300
08/08/2024,19.1890
09/08/2024,19.0900
10/08/2024,N/E
11/08/2024,N/E
12/08/2024,18.8368
13/08/2024,19.0320
14/08/2024,19.0387
15/08/2024,18.8478
16/08/2024,18.6513
17/08/2024,N/E
18/08/2024,N/E
19/08/2024,18.6228
20/08/2024,18.7357
21/08/2024,18.9448
22/08/2024,19.2535
23/08/2024,19.4235
24/08/2024,N/E
25/08/2024,N/E
26/08/2024,19.0708
27/08/2024,19.3820
28/08/2024,19.6692
29/08/2024,19.6037
30/08/2024,19.8168
31/08/2024,N/E
01/09/2024,N/E
02/09/2024,19.6535
03/09/2024,19.7980
04/09/2024,19.8335
05/09/2024,19.8460
06/09/2024,20.0028
07/09/2024,N/E
08/09/2024,N/E
09/09/2024,20.0172
10/09/2024,19.8798
11/09/2024,20.0583
12/09/2024,19.8390
13/09/2024,19.5887
14/09/2024,N/E
15/09/2024,N/E
16/09/2024,N/E
17/09/2024,19.2483
18/09/2024,19.2670
19/09/2024,19.3033
20/09/2024,19.2773
21/09/2024,N/E
22/09/2024,N/E
23/09/2024,19.3725
24/09/2024,19.4150
25/09/2024,19.3562
26/09/2024,19.5870
27/09/2024,19.6290
28/09/2024,N/E
29/09/2024,N/E
30/09/2024,19.6697
01/10/2024,N/E
02/10/2024,19.6440
03/10/2024,19.3885
04/10/2024,19.4678
05/10/2024,N/E
06/10/2024,N/E
07/10/2024,19.2127
08/10/2024,19.3388
09/10/2024,19.3532
10/10/2024,19.4175
11/10/2024,19.5113
12/10/2024,N/E
13/10/2024,N/E
14/10/2024,19.3983
15/10/2024,19.3420
16/10/2024,19.6200
17/10/2024,19.8925
18/10/2024,19.9313
19/10/2024,N/E
20/10/2024,N/E
21/10/2024,19.8325
22/10/2024,20.0075
23/10/2024,19.8985
24/10/2024,19.9338
25/10/2024,19.8385
26/10/2024,N/E
27/10/2024,N/E
28/10/2024,19.9303
29/10/2024,20.0007
30/10/2024,20.0208
31/10/2024,20.1617
01/11/2024,20.0378
02/11/2024,N/E
03/11/2024,N/E
04/11/2024,20.0908
05/11/2024,20.0367
06/11/2024,20.2695
07/11/2024,20.3093
08/11/2024,19.8277
09/11/2024,N/E
10/11/2024,N/E
11/11/2024,20.1332
12/11/2024,20.4502
13/11/2024,20.5693
14/11/2024,20.6025
15/11/2024,20.4940
16/11/2024,N/E
17/11/2024,N/E
18/11/2024,N/E
19/11/2024,20.3887
20/11/2024,20.1848
21/11/2024,20.2903
22/11/2024,20.3775
23/11/2024,N/E
24/11/2024,N/E
25/11/2024,20.4872
26/11/2024,20.2993
27/11/2024,20.7185
28/11/2024,20.6418
29/11/2024,20.4173
30/11/2024,N/E
01/12/2024,N/E
02/12/2024,20.3212
03/12/2024,20.4357
04/12/2024,20.3233
05/12/2024,20.2830
06/12/2024,20.1963
07/12/2024,N/E
08/12/2024,N/E
09/12/2024,20.2275
10/12/2024,20.1547
11/12/2024,20.2485
12/12/2024,N/E
13/12/2024,20.1647
14/12/2024,N/E
15/12/2024,N/E
16/12/2024,20.1420
17/12/2024,20.1448
18/12/2024,20.2363
19/12/2024,20.1395
20/12/2024,20.4402
21/12/2024,N/E
22/12/2024,N/E
23/12/2024,20.1035
24/12/2024,20.1948
25/12/2024,N/E
26/12/2024,20.1558
27/12/2024,20.1657
28/12/2024,N/E
29/12/2024,N/E
30/12/2024,20.2683
31/12/2024,20.5103
01/01/2025,N/E
02/01/2025,20.7862
03/01/2025,20.6917
04/01/2025,N/E
05/01/2025,N/E
06/01/2025,20.6708
07/01/2025,20.3195
08/01/2025,20.3440
09/01/2025,20.3823
10/01/2025,20.4742
11/01/2025,N/E
12/01/2025,N/E
13/01/2025,20.7045
14/01/2025,20.8012
15/01/2025,20.4820
16/01/2025,20.4875
17/01/2025,20.7732
18/01/2025,N/E
19/01/2025,N/E
20/01/2025,20.7180
21/01/2025,20.5430
22/01/2025,20.6358
23/01/2025,20.5397
24/01/2025,20.3943
25/01/2025,N/E
26/01/2025,N/E
27/01/2025,20.2255
28/01/2025,20.7002
29/01/2025,20.5668
30/01/2025,20.5677
31/01/2025,20.4497
01/02/2025,N/E
02/02/2025,N/E
03/02/2025,N/E
04/02/2025,20.6068
05/02/2025,20.4268
06/02/2025,20.6363
07/02/2025,20.5125
08/02/2025,N/E
09/02/2025,N/E
10/02/2025,20.5512
11/02/2025,20.6693
12/02/2025,20.5680
13/02/2025,20.4917
14/02/2025,20.4978
15/02/2025,N/E
16/02/2025,N/E
17/02/2025,20.3082
18/02/2025,20.2830
19/02/2025,20.2617
20/02/2025,20.4208
21/02/2025,20.3733
22/02/2025,N/E
23/02/2025,N/E
24/02/2025,20.3448
25/02/2025,20.4640
26/02/2025,20.4683
27/02/2025,20.4277
28/02/2025,20.4722
01/03/2025,N/E
02/03/2025,N/E
03/03/2025,20.5080
